"Date","Price","Open","High","Low","Vol.","Change %"
"02/01/2023","18.5975","18.8473","18.8727","18.5867","102.54K","-1.33%"
"01/31/2023","18.8480","18.7741","18.8595","18.7296","92.07K","0.47%"
"01/30/2023","18.7606","18.7770","18.8128","18.7510","92.79K","0.00%"
"01/27/2023","18.7600","18.7976","18.8319","18.7155","87.40K","-0.16%"
"01/26/2023","18.7900","18.7895","18.8985","18.7826","99.13K","0.08%"
"01/25/2023","18.7750","18.7950","18.8575","18.7666","92.68K","-0.03%"
"01/24/2023","18.7800","18.8090","18.8915","18.7839","93.04K","-0.11%"
"01/23/2023","18.8010","18.9017","18.9017","18.7895","90.07K","-0.29%"
"01/20/2023","18.8550","18.9930","19.0229","18.8450","94.47K","-0.63%"
"01/19/2023","18.9750","18.8895","19.1135","18.8662","108.22K","0.53%"
"01/18/2023","18.8750","18.6650","18.9063","18.5655","109.63K","1.21%"
"01/17/2023","18.6500","18.7770","18.8375","18.6467","93.58K","-0.65%"
"01/16/2023","18.7716","18.7630","18.8631","18.7308","68.03K","0.10%"
"01/13/2023","18.7530","18.8315","18.9150","18.7305","91.24K","-0.39%"
"01/12/2023","18.8265","18.9275","18.9827","18.8150","101.99K","-0.44%"
"01/11/2023","18.9100","19.0650","19.1150","18.9100","86.65K","-0.72%"
"01/10/2023","19.0480","19.1475","19.1778","19.0495","95.57K","-0.43%"
"01/09/2023","19.1300","19.1455","19.1965","19.1005","92.20K","0.03%"
"01/06/2023","19.1240","19.3270","19.3501","19.1180","100.37K","-0.96%"
"01/05/2023","19.3100","19.3825","19.4340","19.2955","97.60K","-0.28%"
"01/04/2023","19.3650","19.4067","19.4270","19.2564","100.59K","-0.18%"
"01/03/2023","19.4000","19.4660","19.5369","19.3739","101.94K","-0.31%"
"01/02/2023","19.4610","19.4865","19.5235","19.4585","15.18K","-0.07%"
"12/30/2022","19.4740","19.4595","19.5901","19.4050","91.84K","0.15%"
"12/29/2022","19.4450","19.4350","19.4795","19.3013","76.17K","0.13%"
"12/28/2022","19.4200","19.4885","19.4984","19.3795","82.81K","-0.29%"
"12/27/2022","19.4770","19.4015","19.5025","19.3386","75.97K","0.47%"
"12/26/2022","19.3850","19.3915","19.4252","19.3332","8.62K","0.22%"
"12/23/2022","19.3430","19.5675","19.5910","19.3456","85.80K","-0.99%"
"12/22/2022","19.5370","19.6520","19.6823","19.5390","89.76K","-0.54%"
"12/21/2022","19.6430","19.7605","19.8037","19.6310","91.29K","-0.51%"
"12/20/2022","19.7430","19.7970","19.9025","19.6772","103.97K","-0.25%"
"12/19/2022","19.7920","19.7830","19.8415","19.7089","90.96K","0.11%"
"12/16/2022","19.7700","19.7590","19.8855","19.7396","102.78K","0.11%"
"12/15/2022","19.7480","19.6190","19.8590","19.6115","107.01K","0.73%"
"12/14/2022","19.6040","19.5280","19.7650","19.5152","114.15K","0.48%"
"12/13/2022","19.5100","19.8565","19.8848","19.5160","106.46K","-1.68%"
"12/12/2022","19.8440","19.7630","19.9191","19.7307","82.85K","0.41%"
"12/09/2022","19.7630","19.6248","19.8425","19.6131","103.00K","0.77%"
"12/08/2022","19.6126","19.6670","19.7450","19.6070","99.46K","-0.23%"
"12/07/2022","19.6570","19.7580","19.8339","19.6260","105.02K","-0.45%"
"12/06/2022","19.7460","19.7370","19.8650","19.6276","105.31K","0.10%"
"12/05/2022","19.7260","19.4040","19.8660","19.3478","104.95K","1.82%"
"12/02/2022","19.3740","19.1310","19.4465","19.1075","111.63K","1.31%"
"12/01/2022","19.1230","19.2680","19.3485","19.1150","114.31K","-0.66%"
"11/30/2022","19.2510","19.2330","19.4635","19.1938","107.72K","0.18%"
"11/29/2022","19.2160","19.3080","19.3249","19.0403","103.01K","-0.41%"
"11/28/2022","19.2950","19.3193","19.3700","19.2915","90.67K","-0.18%"
"11/25/2022","19.3300","19.3835","19.4245","19.3045","75.80K","-0.19%"
"11/24/2022","19.3670","19.3665","19.4000","19.3391","67.75K","0.07%"
"11/23/2022","19.3540","19.4350","19.4546","19.3290","79.61K","-0.33%"
"11/22/2022","19.4190","19.5460","19.5735","19.4132","88.53K","-0.61%"
"11/21/2022","19.5380","19.4545","19.5935","19.4133","91.93K","0.53%"
"11/18/2022","19.4350","19.4235","19.5385","19.3818","98.10K","0.14%"
"11/17/2022","19.4070","19.3485","19.4775","19.3104","104.80K","0.36%"
"11/16/2022","19.3380","19.3635","19.4053","19.2820","109.95K","-0.08%"
"11/15/2022","19.3540","19.3540","19.4745","19.2435","127.30K","0.08%"
"11/14/2022","19.3390","19.5350","19.5748","19.3169","114.10K","-0.80%"
"11/11/2022","19.4950","19.3169","19.5950","19.2638","121.11K","0.96%"
"11/10/2022","19.3100","19.5785","19.6021","19.3117","122.92K","-1.31%"
"11/09/2022","19.5670","19.5265","19.6365","19.5077","116.48K","0.28%"
"11/08/2022","19.5130","19.4545","19.5750","19.4324","105.96K","0.37%"
"11/07/2022","19.4410","19.5310","19.5783","19.4295","111.48K","-0.31%"
"11/04/2022","19.5010","19.6475","19.6773","19.4585","118.54K","-0.68%"
"11/03/2022","19.6350","19.6750","19.7813","19.6290","113.69K","-0.08%"
"11/02/2022","19.6500","19.7490","19.7695","19.5045","108.67K","-0.46%"
"11/01/2022","19.7400","19.8110","19.8445","19.6785","102.72K","-0.27%"
"10/31/2022","19.7940","19.8225","19.9200","19.7915","91.95K","0.04%"
"10/28/2022","19.7860","19.8338","19.8955","19.7805","118.47K","-0.20%"
"10/27/2022","19.8250","19.9410","20.0392","19.8095","116.53K","-0.51%"
"10/26/2022","19.9260","19.8820","19.9835","19.8105","115.79K","0.31%"
"10/25/2022","19.8650","19.9375","19.9478","19.8495","103.11K","-0.29%"
"10/24/2022","19.9220","19.9165","20.0085","19.8979","135.85K","0.07%"
"10/21/2022","19.9090","20.0380","20.1400","19.8845","136.77K","-0.59%"
"10/20/2022","20.0270","20.1095","20.1618","20.0205","125.47K","-0.36%"
"10/19/2022","20.1000","20.0320","20.1775","20.0114","125.06K","0.36%"
"10/18/2022","20.0270","19.9975","20.0690","19.9580","122.19K","0.24%"
"10/17/2022","19.9800","20.0610","20.0655","19.9692","108.37K","-0.45%"
"10/14/2022","20.0710","19.9830","20.1069","19.9650","143.41K","0.52%"
"10/13/2022","19.9680","19.9955","20.1605","19.9485","136.09K","-0.05%"
"10/12/2022","19.9780","20.0846","20.1172","19.9670","143.37K","-0.50%"
"10/11/2022","20.0786","19.9666","20.1150","19.9325","138.00K","0.62%"
"10/10/2022","19.9551","20.0465","20.0618","19.9395","132.87K","-0.32%"
"10/07/2022","20.0200","20.1230","20.1475","19.9880","138.56K","-0.42%"
"10/06/2022","20.1050","20.0685","20.1595","20.0163","145.31K","0.26%"
"10/05/2022","20.0520","19.9665","20.1570","19.9429","137.94K","0.47%"
"10/04/2022","19.9580","20.0300","20.0504","19.9475","145.96K","-0.31%"
"10/03/2022","20.0200","20.1475","20.1674","19.9520","150.46K","-0.60%"
"09/30/2022","20.1400","20.1695","20.2010","20.0490","148.12K","-0.10%"
"09/29/2022","20.1610","20.1325","20.2792","20.1109","167.10K","0.22%"
"09/28/2022","20.1160","20.3770","20.5810","20.1155","160.42K","-1.19%"
"09/27/2022","20.3590","20.4105","20.4350","20.2612","154.37K","-0.18%"
"09/26/2022","20.3960","20.2268","20.4540","20.1940","154.72K","1.08%"
"09/23/2022","20.1790","19.9465","20.2665","19.9062","140.76K","1.24%"
"09/22/2022","19.9310","20.0210","20.0820","19.8403","128.36K","-0.36%"
"09/21/2022","20.0040","20.0005","20.0950","19.8795","142.10K","0.11%"
"09/20/2022","19.9830","19.9255","20.0850","19.9023","97.55K","0.37%"
"09/19/2022","19.9100","20.0410","20.1620","19.9050","105.66K","-0.60%"
"09/16/2022","20.0300","20.0765","20.1635","20.0135","95.63K","-0.15%"
"09/15/2022","20.0600","19.9590","20.0980","19.9455","124.05K","0.59%"
"09/14/2022","19.9420","20.0795","20.0960","19.9075","115.34K","-0.62%"
"09/13/2022","20.0660","19.8375","20.1092","19.7854","110.76K","1.24%"
"09/12/2022","19.8210","19.8925","19.8970","19.7518","86.31K","-0.28%"
"09/09/2022","19.8760","19.9675","19.9797","19.8653","105.09K","-0.39%"
"09/08/2022","19.9530","19.9790","20.1055","19.9445","99.05K","-0.07%"
"09/07/2022","19.9660","20.1325","20.1887","19.9612","108.09K","-0.76%"
"09/06/2022","20.1180","20.0046","20.1825","19.9464","97.23K","0.67%"
"09/05/2022","19.9842","19.9665","20.0285","19.9425","70.79K","0.28%"
"09/02/2022","19.9290","20.1820","20.2041","19.9250","95.08K","-1.19%"
"09/01/2022","20.1680","20.1400","20.2955","20.1360","107.10K","0.16%"
"08/31/2022","20.1348","20.1527","20.2428","20.0790","103.28K","-0.05%"
"08/30/2022","20.1450","20.0215","20.2095","19.9118","108.77K","0.70%"
"08/29/2022","20.0040","20.0440","20.1534","19.9646","98.79K","-0.05%"
"08/26/2022","20.0150","19.9315","20.0390","19.8695","92.68K","0.51%"
"08/25/2022","19.9140","19.8945","19.9865","19.8499","81.39K","0.15%"
"08/24/2022","19.8850","19.9795","20.0110","19.8787","83.33K","-0.43%"
"08/23/2022","19.9710","20.1420","20.1679","19.9518","95.84K","-0.80%"
"08/22/2022","20.1330","20.1820","20.2484","20.1150","82.28K","-0.08%"
"08/19/2022","20.1500","20.1215","20.2689","20.1173","81.10K","0.23%"
"08/18/2022","20.1040","19.9825","20.1805","19.9289","83.99K","0.67%"
"08/17/2022","19.9700","19.9110","20.0936","19.8925","85.41K","0.37%"
"08/16/2022","19.8970","19.8365","19.9760","19.8151","78.05K","0.37%"
"08/15/2022","19.8230","19.8505","20.0113","19.8110","76.74K","-0.03%"
"08/12/2022","19.8290","19.9415","19.9779","19.8130","76.09K","-0.50%"
"08/11/2022","19.9280","20.0305","20.0491","19.9005","87.32K","-0.44%"
"08/10/2022","20.0160","20.2315","20.2757","19.9113","84.38K","-1.00%"
"08/09/2022","20.2180","20.2515","20.3055","20.1975","73.32K","-0.13%"
"08/08/2022","20.2450","20.4140","20.4408","20.2410","69.77K","-0.82%"
"08/05/2022","20.4130","20.3435","20.4922","20.3141","84.12K","0.43%"
"08/04/2022","20.3260","20.4730","20.5040","20.2885","88.32K","-0.64%"
"08/03/2022","20.4560","20.7890","20.8245","20.4242","98.86K","-1.53%"
"08/02/2022","20.7730","20.3845","20.8335","20.3792","106.14K","1.98%"
"08/01/2022","20.3690","20.3830","20.4281","20.2383","85.40K","0.09%"
"07/29/2022","20.3500","20.2800","20.4230","20.2058","92.61K","0.42%"
"07/28/2022","20.2650","20.4032","20.4536","20.2680","102.66K","-0.64%"
"07/27/2022","20.3950","20.4570","20.5785","20.3010","90.90K","-0.24%"
"07/26/2022","20.4440","20.4730","20.5410","20.4110","90.35K","-0.08%"
"07/25/2022","20.4600","20.5500","20.5907","20.3990","89.75K","-0.32%"
"07/22/2022","20.5260","20.6310","20.7261","20.4905","107.10K","-0.44%"
"07/21/2022","20.6170","20.5495","20.7015","20.4762","120.90K","0.41%"
"07/20/2022","20.5320","20.5217","20.5946","20.4459","94.38K","0.08%"
"07/19/2022","20.5164","20.4675","20.5305","20.3168","91.83K","0.29%"
"07/18/2022","20.4570","20.5300","20.5430","20.3283","90.54K","-0.32%"
"07/15/2022","20.5220","20.8010","20.8936","20.5229","95.23K","-1.29%"
"07/14/2022","20.7900","20.7305","21.0566","20.7205","97.06K","0.33%"
"07/13/2022","20.7210","20.8535","20.9968","20.6399","85.05K","-0.61%"
"07/12/2022","20.8482","20.7400","20.9312","20.7260","92.97K","0.58%"
"07/11/2022","20.7290","20.4795","20.7980","20.4535","86.80K","1.40%"
"07/08/2022","20.4430","20.5155","20.5888","20.3654","93.71K","-0.29%"
"07/07/2022","20.5030","20.6563","20.6816","20.4773","88.15K","-0.72%"
"07/06/2022","20.6517","20.5209","20.7870","20.4904","106.69K","0.66%"
"07/05/2022","20.5162","20.2755","20.6250","20.2334","101.70K","1.26%"
"07/04/2022","20.2600","20.2645","20.3440","20.2136","60.26K","0.04%"
"07/01/2022","20.2510","20.1035","20.4670","20.0875","101.91K","0.81%"
"06/30/2022","20.0890","20.1275","20.2661","20.0612","92.61K","-0.11%"
"06/29/2022","20.1110","20.1360","20.2104","20.0714","90.91K","-0.05%"
"06/28/2022","20.1220","19.9235","20.1750","19.8710","91.79K","1.06%"
"06/27/2022","19.9100","19.8775","19.9650","19.8192","80.42K","0.30%"
"06/24/2022","19.8500","20.0150","20.0889","19.8263","85.78K","-0.75%"
"06/23/2022","20.0010","20.0496","20.1442","19.9765","96.98K","-0.22%"
"06/22/2022","20.0442","20.1235","20.2491","19.9979","81.45K","-0.35%"
"06/21/2022","20.1150","20.2880","20.2900","20.1150","72.47K","-0.79%"
"06/20/2022","20.2760","20.3460","20.3792","20.2227","70.30K","-0.26%"
"06/17/2022","20.3290","20.4095","20.5826","20.2981","108.71K","-0.35%"
"06/16/2022","20.4000","20.2578","20.7045","20.2176","108.92K","0.77%"
"06/15/2022","20.2450","20.5945","20.6985","20.2115","93.83K","-1.62%"
"06/14/2022","20.5790","20.4576","20.6916","20.3524","98.26K","0.61%"
"06/13/2022","20.4538","19.9870","20.5208","19.9650","97.38K","2.49%"
"06/10/2022","19.9560","19.6740","20.0020","19.6187","81.86K","1.52%"
"06/09/2022","19.6570","19.5760","19.6965","19.5318","73.83K","0.50%"
"06/08/2022","19.5600","19.5865","19.6877","19.5550","72.71K","-0.10%"
"06/07/2022","19.5800","19.5731","19.6450","19.5096","85.52K","0.10%"
"06/06/2022","19.5600","19.5740","19.6350","19.4700","69.63K","0.02%"
"06/03/2022","19.5565","19.5320","19.6140","19.5000","64.14K","0.19%"
"06/02/2022","19.5200","19.6960","19.7290","19.5180","63.79K","-0.83%"
"06/01/2022","19.6840","19.6574","19.7740","19.6030","77.64K","0.16%"
"05/31/2022","19.6525","19.5556","19.7400","19.5344","80.75K","0.55%"
"05/30/2022","19.5450","19.5895","19.6060","19.4125","54.31K","-0.10%"
"05/27/2022","19.5650","19.7670","19.7926","19.5495","80.71K","-1.00%"
"05/26/2022","19.7622","19.8325","19.8680","19.7595","81.34K","-0.28%"
"05/25/2022","19.8180","19.8430","19.9295","19.7880","90.62K","-0.07%"
"05/24/2022","19.8310","19.8675","19.9443","19.7904","93.04K","-0.11%"
"05/23/2022","19.8530","19.8620","19.9105","19.7720","89.70K","0.01%"
"05/20/2022","19.8510","19.9360","19.9638","19.8275","95.71K","-0.36%"
"05/19/2022","19.9220","20.0465","20.0755","19.8659","106.42K","-0.53%"
"05/18/2022","20.0290","19.9400","20.0823","19.8703","87.54K","0.50%"
"05/17/2022","19.9300","20.0283","20.0427","19.9261","87.19K","-0.45%"
"05/16/2022","20.0200","20.1025","20.1861","20.0187","85.90K","-0.34%"
"05/13/2022","20.0880","20.2479","20.2570","20.0779","103.33K","-0.76%"
"05/12/2022","20.2424","20.3175","20.4771","20.2314","127.51K","-0.31%"
"05/11/2022","20.3050","20.3920","20.4684","20.2270","113.75K","-0.39%"
"05/10/2022","20.3840","20.3945","20.4404","20.2720","130.41K","0.02%"
"05/09/2022","20.3800","20.1775","20.4095","20.1603","123.77K","1.22%"
"05/06/2022","20.1350","20.2385","20.2998","20.0700","126.23K","-0.43%"
"05/05/2022","20.2220","20.0285","20.3190","20.0049","111.99K","1.04%"
"05/04/2022","20.0140","20.2915","20.3102","19.9970","87.62K","-1.30%"
"05/03/2022","20.2770","20.4795","20.4897","20.2610","91.68K","-0.90%"
"05/02/2022","20.4620","20.4030","20.5131","20.3393","94.30K","0.25%"
"04/29/2022","20.4110","20.4480","20.4737","20.2855","101.17K","-0.12%"
"04/28/2022","20.4360","20.3812","20.6450","20.3468","96.69K","0.29%"
"04/27/2022","20.3759","20.4365","20.5386","20.3218","101.29K","-0.23%"
"04/26/2022","20.4230","20.2165","20.4650","20.1910","88.82K","1.08%"
"04/25/2022","20.2040","20.2385","20.4876","20.1615","100.76K","-0.07%"
"04/22/2022","20.2180","20.1735","20.3790","20.1615","92.96K","0.29%"
"04/21/2022","20.1600","19.9915","20.2410","19.9779","96.16K","0.89%"
"04/20/2022","19.9830","20.0235","20.0760","19.9442","85.55K","-0.11%"
"04/19/2022","20.0060","19.8275","20.0880","19.7615","85.96K","0.96%"
"04/18/2022","19.8150","19.9620","20.0102","19.8144","61.11K","-0.63%"
"04/15/2022","19.9405","19.9682","19.9897","19.9277","13.74K","-0.11%"
"04/14/2022","19.9629","19.7890","20.0286","19.7307","78.80K","0.96%"
"04/13/2022","19.7730","19.8030","19.8365","19.7406","76.81K","-0.07%"
"04/12/2022","19.7870","19.9407","19.9566","19.7740","80.98K","-0.71%"
"04/11/2022","19.9290","20.0575","20.1257","19.8937","79.10K","-0.45%"
"04/08/2022","20.0200","20.1385","20.1905","20.0180","70.62K","-0.50%"
"04/07/2022","20.1210","20.1725","20.1945","20.0710","82.80K","-0.19%"
"04/06/2022","20.1600","20.0015","20.1971","19.9715","88.55K","0.84%"
"04/05/2022","19.9930","19.8055","20.0155","19.7620","72.41K","1.04%"
"04/04/2022","19.7880","19.8815","19.8875","19.7255","62.79K","-0.24%"
"04/01/2022","19.8350","19.8695","19.9350","19.7470","71.42K","-0.05%"
"03/31/2022","19.8450","19.8745","19.9725","19.8186","76.37K","-0.06%"
"03/30/2022","19.8560","19.9790","19.9915","19.8140","78.12K","-0.54%"
"03/29/2022","19.9640","20.1205","20.1430","19.9121","79.20K","-0.73%"
"03/28/2022","20.1100","20.0350","20.1905","20.0129","83.54K","0.45%"
"03/25/2022","20.0200","20.0915","20.1008","19.9085","75.98K","-0.27%"
"03/24/2022","20.0750","20.2199","20.2451","20.0705","72.42K","-0.72%"
"03/23/2022","20.2208","20.2845","20.2987","20.1550","67.01K","-0.24%"
"03/22/2022","20.2700","20.3735","20.4223","20.2495","72.31K","-0.48%"
"03/21/2022","20.3682","20.3860","20.4156","20.2672","67.58K","0.14%"
"03/18/2022","20.3400","20.5215","20.5555","20.3520","81.21K","-0.85%"
"03/17/2022","20.5150","20.6390","20.6741","20.4984","82.61K","-0.57%"
"03/16/2022","20.6320","20.8345","20.8530","20.5968","83.18K","-0.90%"
"03/15/2022","20.8200","20.9200","20.9394","20.8186","79.30K","-0.38%"
"03/14/2022","20.9000","20.9325","20.9823","20.8310","83.41K","0.01%"
"03/11/2022","20.8970","20.9390","21.0541","20.8440","79.23K","-0.13%"
"03/10/2022","20.9250","20.9110","21.0686","20.8832","76.62K","0.16%"
"03/09/2022","20.8920","21.3765","21.3850","20.8560","100.06K","-2.23%"
"03/08/2022","21.3690","21.3150","21.4687","21.2045","112.76K","0.32%"
"03/07/2022","21.3000","20.9450","21.3725","20.9263","108.68K","1.74%"
"03/04/2022","20.9350","20.6374","20.9750","20.6357","107.32K","1.46%"
"03/03/2022","20.6336","20.6175","20.7570","20.6077","96.24K","0.20%"
"03/02/2022","20.5930","20.6570","20.8005","20.5777","106.16K","-0.20%"
"03/01/2022","20.6350","20.4700","20.6810","20.3909","102.32K","0.85%"
"02/28/2022","20.4610","20.3550","20.6254","20.3171","112.18K","0.62%"
"02/25/2022","20.3350","20.5545","20.5842","20.3215","104.56K","-1.00%"
"02/24/2022","20.5410","20.2390","20.7900","20.2344","145.46K","1.56%"
"02/23/2022","20.2260","20.3050","20.3111","20.1565","86.64K","-0.31%"
"02/22/2022","20.2890","20.3095","20.3772","20.2682","103.18K","-0.03%"
"02/21/2022","20.2950","20.3100","20.3325","20.2489","72.32K","0.07%"
"02/18/2022","20.2800","20.3000","20.3381","20.2576","88.45K","-0.02%"
"02/17/2022","20.2840","20.2781","20.3555","20.2318","90.82K","0.07%"
"02/16/2022","20.2703","20.4000","20.4144","20.2495","79.37K","-0.58%"
"02/15/2022","20.3894","20.4210","20.4555","20.3508","79.91K","-0.08%"
"02/14/2022","20.4050","20.5350","20.5776","20.3865","105.63K","-0.59%"
"02/11/2022","20.5260","20.5600","20.6405","20.3618","107.28K","-0.08%"
"02/10/2022","20.5430","20.4775","20.5925","20.3490","92.58K","0.40%"
"02/09/2022","20.4620","20.6140","20.6269","20.4415","68.53K","-0.66%"
"02/08/2022","20.5980","20.5945","20.6882","20.5842","84.04K","0.10%"
"02/07/2022","20.5780","20.6785","20.6989","20.5790","81.77K","-0.41%"
"02/04/2022","20.6620","20.5500","20.7910","20.5405","83.12K","0.64%"
"02/03/2022","20.5310","20.5740","20.6600","20.5123","118.24K","-0.16%"
"02/02/2022","20.5630","20.5450","20.6485","20.4751","115.03K","0.16%"
"02/01/2022","20.5300","20.6340","20.6575","20.5000","97.83K","-0.46%"
"01/31/2022","20.6250","20.8195","20.8470","20.5895","77.65K","-0.79%"
"01/28/2022","20.7890","20.7655","20.9134","20.7157","95.35K","0.19%"
"01/27/2022","20.7490","20.7475","20.8114","20.6520","98.33K","0.09%"
"01/26/2022","20.7310","20.6175","20.7796","20.5488","87.65K","0.64%"
"01/25/2022","20.6000","20.5770","20.6971","20.5685","104.96K","0.19%"
"01/24/2022","20.5610","20.4880","20.6921","20.4370","107.32K","0.54%"
"01/21/2022","20.4510","20.5430","20.5578","20.4290","94.80K","-0.38%"
"01/20/2022","20.5290","20.5155","20.5725","20.3829","81.40K","0.13%"
"01/19/2022","20.5020","20.4055","20.5335","20.3216","108.37K","0.52%"
"01/18/2022","20.3960","20.2955","20.4557","20.2764","131.63K","0.57%"
"01/17/2022","20.2810","20.3025","20.3625","20.2753","65.17K","-0.04%"
"01/14/2022","20.2900","20.3460","20.3713","20.2773","123.58K","-0.21%"
"01/13/2022","20.3330","20.3500","20.4245","20.2983","117.00K","0.00%"
"01/12/2022","20.3340","20.3815","20.4492","20.3118","108.19K","-0.20%"
"01/11/2022","20.3750","20.3760","20.4604","20.3363","120.34K","0.07%"
"01/10/2022","20.3600","20.3710","20.5294","20.3515","96.10K","0.00%"
"01/07/2022","20.3600","20.5040","20.5223","20.3525","65.87K","-0.62%"
"01/06/2022","20.4860","20.5820","20.7612","20.4039","75.52K","-0.38%"
"01/05/2022","20.5650","20.5150","20.6120","20.3424","71.14K","0.31%"
"01/04/2022","20.5010","20.5115","20.6423","20.4149","87.41K","0.03%"
"01/03/2022","20.4940","20.4944","20.6605","20.4104","79.92K","0.03%"
"12/31/2021","20.4870","20.4636","20.5265","20.3269","56.72K","0.14%"
"12/30/2021","20.4586","20.5745","20.6122","20.4542","58.73K","-0.49%"
"12/29/2021","20.5590","20.6580","20.6828","20.5480","63.76K","-0.40%"
"12/28/2021","20.6420","20.6885","20.7220","20.5605","65.27K","-0.15%"
"12/27/2021","20.6720","20.6175","20.7454","20.5812","58.26K","0.35%"
"12/24/2021","20.6000","20.6470","20.6682","20.5725","39.00K","-0.12%"
"12/23/2021","20.6250","20.7115","20.7455","20.6138","128.29K","-0.34%"
"12/22/2021","20.6950","20.8176","20.8649","20.6975","115.78K","-0.51%"
"12/21/2021","20.8010","20.7865","20.8762","20.7022","120.55K","0.13%"
"12/20/2021","20.7740","20.8205","20.9555","20.6922","102.52K","-0.28%"
"12/17/2021","20.8330","20.8220","20.8690","20.6945","110.09K","0.13%"
"12/16/2021","20.8050","21.0135","21.0882","20.7588","116.39K","-0.96%"
"12/15/2021","21.0071","21.2375","21.3668","21.0051","99.88K","-1.00%"
"12/14/2021","21.2200","21.0200","21.2835","20.9641","101.20K","1.00%"
"12/13/2021","21.0100","20.8820","21.0322","20.8378","87.73K","0.69%"
"12/10/2021","20.8660","20.9460","21.0594","20.8382","110.04K","-0.34%"
"12/09/2021","20.9370","20.9355","21.0826","20.9140","109.46K","0.08%"
"12/08/2021","20.9210","21.0355","21.0445","20.8811","126.44K","-0.48%"
"12/07/2021","21.0220","21.2240","21.3079","21.0033","119.78K","-0.87%"
"12/06/2021","21.2070","21.2580","21.3022","21.1674","108.48K","-0.27%"
"12/03/2021","21.2640","21.2650","21.4974","21.1574","130.79K","0.08%"
"12/02/2021","21.2480","21.5173","21.5220","21.2368","135.84K","-1.18%"
"12/01/2021","21.5016","21.4475","21.5223","21.1150","153.31K","0.30%"
"11/30/2021","21.4368","21.6737","21.8421","21.2799","158.21K","-1.07%"
"11/29/2021","21.6686","21.8901","21.9949","21.6292","104.82K","-1.10%"
"11/26/2021","21.9100","21.5625","22.1550","21.5625","101.28K","1.64%"
"11/25/2021","21.5575","21.4265","21.5977","21.3606","52.50K","0.69%"
"11/24/2021","21.4090","21.1911","21.6155","21.1856","111.78K","1.10%"
"11/23/2021","21.1758","21.0025","21.3117","20.9890","139.16K","0.91%"
"11/22/2021","20.9850","20.8560","21.0299","20.8160","100.76K","0.77%"
"11/19/2021","20.8240","20.7815","20.8941","20.6630","127.73K","0.28%"
"11/18/2021","20.7650","20.6515","20.8950","20.6190","122.99K","0.61%"
"11/17/2021","20.6400","20.7369","20.8083","20.6343","104.30K","-0.39%"
"11/16/2021","20.7216","20.6155","20.8549","20.5567","98.65K","0.58%"
"11/15/2021","20.6030","20.5200","20.6825","20.4706","63.58K","0.46%"
"11/12/2021","20.5090","20.6459","20.7274","20.4453","110.73K","-0.60%"
"11/11/2021","20.6328","20.6385","20.6990","20.4471","123.47K","0.06%"
"11/10/2021","20.6210","20.3185","20.6478","20.3044","133.46K","1.58%"
"11/09/2021","20.3010","20.3350","20.3811","20.2463","122.28K","-0.09%"
"11/08/2021","20.3200","20.3690","20.4318","20.2855","114.25K","0.01%"
"11/05/2021","20.3170","20.5430","20.6521","20.3030","134.77K","-1.08%"
"11/04/2021","20.5382","20.5400","20.6668","20.4881","136.10K","0.04%"
"11/03/2021","20.5300","20.7920","20.9841","20.5075","124.41K","-1.19%"
"11/02/2021","20.7770","20.8450","20.9174","20.7054","125.03K","-0.26%"
"11/01/2021","20.8310","20.5745","20.8948","20.5427","98.37K","1.39%"
"10/29/2021","20.5450","20.3765","20.6361","20.3415","137.79K","0.88%"
"10/28/2021","20.3650","20.3140","20.4247","20.2526","105.68K","0.32%"
"10/27/2021","20.3010","20.2150","20.3405","20.1478","86.27K","0.50%"
"10/26/2021","20.2000","20.1690","20.2411","20.1138","78.68K","0.23%"
"10/25/2021","20.1530","20.1805","20.2325","20.1529","73.66K","-0.06%"
"10/22/2021","20.1650","20.3045","20.3414","20.1249","87.61K","-0.63%"
"10/21/2021","20.2930","20.2085","20.3531","20.1864","92.95K","0.47%"
"10/20/2021","20.1972","20.2405","20.2880","20.1567","117.79K","-0.15%"
"10/19/2021","20.2270","20.4105","20.4405","20.2106","159.65K","-0.87%"
"10/18/2021","20.4036","20.3385","20.4963","20.3043","127.37K","0.37%"
"10/15/2021","20.3290","20.5645","20.5982","20.3165","98.77K","-1.02%"
"10/14/2021","20.5390","20.5523","20.6633","20.5058","92.82K","-0.04%"
"10/13/2021","20.5475","20.7806","20.8039","20.5450","101.07K","-1.10%"
"10/12/2021","20.7752","20.8730","20.9037","20.7390","103.13K","-0.38%"
"10/11/2021","20.8550","20.7370","20.8890","20.6991","100.60K","0.80%"
"10/08/2021","20.6890","20.6600","20.7961","20.5256","173.93K","0.22%"
"10/07/2021","20.6430","20.5565","20.6998","20.4545","160.44K","0.46%"
"10/06/2021","20.5490","20.5730","20.8934","20.5410","185.18K","-0.01%"
"10/05/2021","20.5520","20.4890","20.6192","20.4795","169.35K","0.36%"
"10/04/2021","20.4790","20.4455","20.6264","20.4167","133.44K","0.24%"
"10/01/2021","20.4290","20.6415","20.7330","20.4058","156.94K","-0.97%"
"09/30/2021","20.6300","20.5150","20.6854","20.4478","173.68K","0.71%"
"09/29/2021","20.4850","20.3315","20.6595","20.2763","175.51K","0.83%"
"09/28/2021","20.3166","20.1095","20.4009","20.0909","162.19K","1.11%"
"09/27/2021","20.0930","20.0665","20.1595","20.0110","90.04K","0.26%"
"09/24/2021","20.0400","20.0488","20.1936","20.0448","85.16K","-0.02%"
"09/23/2021","20.0431","20.0888","20.1227","19.9772","85.57K","-0.20%"
"09/22/2021","20.0831","20.1355","20.1528","19.9295","141.16K","-0.22%"
"09/21/2021","20.1280","20.1420","20.1702","20.0570","113.47K","-0.05%"
"09/20/2021","20.1376","20.0160","20.2052","20.0103","92.76K","0.62%"
"09/17/2021","20.0141","19.9377","20.0387","19.9045","82.99K","0.42%"
"09/16/2021","19.9310","19.8675","19.9699","19.8518","81.07K","0.39%"
"09/15/2021","19.8540","19.9135","19.9280","19.8460","76.13K","-0.25%"
"09/14/2021","19.9030","19.8683","19.9330","19.8510","77.50K","0.19%"
"09/13/2021","19.8650","19.8900","19.9116","19.8472","73.48K","-0.08%"
"09/10/2021","19.8810","19.9310","19.9541","19.8460","138.00K","-0.18%"
"09/09/2021","19.9170","19.9300","19.9735","19.8737","102.93K","-0.07%"
"09/08/2021","19.9310","19.9380","19.9912","19.8846","143.01K","0.05%"
"09/07/2021","19.9220","19.9170","19.9730","19.8831","135.13K","0.07%"
"09/06/2021","19.9090","19.9095","19.9354","19.8659","70.96K","-0.03%"
"09/03/2021","19.9150","19.9610","19.9904","19.8428","132.64K","-0.20%"
"09/02/2021","19.9557","19.9955","20.0231","19.9218","130.28K","-0.13%"
"09/01/2021","19.9820","20.0730","20.1021","19.9293","81.42K","-0.40%"
"08/31/2021","20.0630","20.1401","20.1533","20.0266","118.63K","-0.33%"
"08/30/2021","20.1301","20.1820","20.2275","20.1045","86.62K","-0.31%"
"08/27/2021","20.1922","20.3625","20.4395","20.1679","79.09K","-0.78%"
"08/26/2021","20.3510","20.2280","20.3905","20.2076","81.67K","0.67%"
"08/25/2021","20.2150","20.2145","20.3575","20.1660","140.23K","0.07%"
"08/24/2021","20.2000","20.3210","20.3657","20.1975","73.66K","-0.50%"
"08/23/2021","20.3010","20.4055","20.4470","20.2851","78.17K","-0.23%"
"08/20/2021","20.3470","20.1625","20.4678","20.1453","91.19K","0.97%"
"08/19/2021","20.1520","20.0459","20.2120","20.0290","94.44K","0.55%"
"08/18/2021","20.0425","20.0105","20.0492","19.9471","84.08K","0.23%"
"08/17/2021","19.9970","19.9030","20.0325","19.8715","81.99K","0.56%"
"08/16/2021","19.8860","19.8800","19.9286","19.8431","75.86K","0.14%"
"08/13/2021","19.8590","19.9625","19.9920","19.8288","128.82K","-0.44%"
"08/12/2021","19.9460","19.9325","19.9755","19.8560","131.90K","0.16%"
"08/11/2021","19.9150","20.0905","20.1222","19.9054","132.94K","-0.83%"
"08/10/2021","20.0820","20.0750","20.1770","20.0430","137.26K","0.08%"
"08/09/2021","20.0660","20.0815","20.1290","19.9955","99.77K","0.21%"
"08/06/2021","20.0240","19.9300","20.0905","19.8957","71.50K","0.55%"
"08/05/2021","19.9140","19.9840","20.0000","19.8874","72.53K","-0.33%"
"08/04/2021","19.9800","19.8890","20.0040","19.8139","73.18K","0.55%"
"08/03/2021","19.8700","19.9100","19.9307","19.8272","78.31K","-0.13%"
"08/02/2021","19.8960","19.8990","19.9290","19.8015","79.57K","0.21%"
"07/30/2021","19.8550","19.8540","19.9338","19.7985","77.13K","0.09%"
"07/29/2021","19.8380","19.9160","19.9404","19.8162","79.16K","-0.34%"
"07/28/2021","19.9060","19.9800","20.0350","19.8762","83.48K","-0.33%"
"07/27/2021","19.9710","20.0410","20.1397","19.9461","85.21K","-0.28%"
"07/26/2021","20.0270","20.0720","20.1668","19.9893","76.37K","-0.07%"
"07/23/2021","20.0420","20.1230","20.1483","19.9904","75.89K","-0.31%"
"07/22/2021","20.1050","20.1445","20.2261","20.0817","75.12K","-0.13%"
"07/21/2021","20.1310","20.1561","20.2525","20.1119","82.64K","-0.04%"
"07/20/2021","20.1389","20.0805","20.1975","19.9995","86.59K","0.34%"
"07/19/2021","20.0710","19.9035","20.1020","19.8980","95.40K","0.99%"
"07/16/2021","19.8750","19.9455","19.9566","19.8245","82.75K","-0.30%"
"07/15/2021","19.9350","19.8811","20.0009","19.8668","87.97K","0.34%"
"07/14/2021","19.8669","20.0605","20.0644","19.8561","84.00K","-0.93%"
"07/13/2021","20.0540","19.8498","20.0845","19.8131","87.34K","1.05%"
"07/12/2021","19.8453","19.8575","20.0128","19.8298","79.70K","-0.02%"
"07/09/2021","19.8490","20.0055","20.0405","19.8430","87.48K","-0.73%"
"07/08/2021","19.9940","19.9470","20.1619","19.9337","99.05K","0.36%"
"07/07/2021","19.9230","20.0170","20.1056","19.9063","103.56K","-0.44%"
"07/06/2021","20.0110","19.8534","20.0795","19.7726","95.99K","0.82%"
"07/05/2021","19.8481","19.7865","19.8752","19.7735","67.25K","0.46%"
"07/02/2021","19.7580","19.9990","20.0545","19.7444","95.82K","-1.14%"
"07/01/2021","19.9860","19.9450","20.0872","19.9023","88.14K","0.28%"
"06/30/2021","19.9310","19.8175","19.9690","19.7815","83.31K","0.65%"
"06/29/2021","19.8030","19.8252","19.8855","19.7670","81.19K","-0.09%"
"06/28/2021","19.8199","19.8235","19.9024","19.7505","78.87K","0.06%"
"06/25/2021","19.8090","19.8645","19.9080","19.7045","77.43K","-0.21%"
"06/24/2021","19.8505","20.2076","20.2172","19.7140","84.99K","-1.56%"
"06/23/2021","20.1650","20.3505","20.4167","20.1675","118.65K","-0.84%"
"06/22/2021","20.3350","20.4840","20.6756","20.3250","96.76K","-0.68%"
"06/21/2021","20.4749","20.6405","20.7159","20.4490","125.76K","-0.89%"
"06/18/2021","20.6580","20.4250","20.7507","20.3750","96.18K","1.20%"
"06/17/2021","20.4130","20.4090","20.6230","20.3262","92.31K","0.05%"
"06/16/2021","20.4020","20.0235","20.4315","19.9524","82.72K","1.98%"
"06/15/2021","20.0050","19.9655","20.1950","19.8847","78.41K","0.29%"
"06/14/2021","19.9480","19.8818","19.9820","19.8384","71.62K","0.35%"
"06/11/2021","19.8775","19.6905","20.0039","19.6416","77.52K","1.01%"
"06/10/2021","19.6790","19.7370","19.7780","19.6497","78.91K","-0.27%"
"06/09/2021","19.7315","19.7040","19.7917","19.5967","70.37K","0.19%"
"06/08/2021","19.6940","19.8065","19.8579","19.6890","76.35K","-0.53%"
"06/07/2021","19.7991","19.9450","19.9720","19.7345","72.37K","-0.80%"
"06/04/2021","19.9580","20.1645","20.2190","19.9015","114.42K","-0.97%"
"06/03/2021","20.1540","19.8980","20.1800","19.8910","108.81K","1.35%"
"06/02/2021","19.8860","19.9760","20.0280","19.8790","103.59K","-0.39%"
"06/01/2021","19.9640","19.9535","19.9885","19.8400","112.41K","0.09%"
"05/31/2021","19.9461","19.9275","19.9605","19.8835","80.65K","0.21%"
"05/28/2021","19.9050","19.9471","20.0784","19.8972","84.91K","-0.18%"
"05/27/2021","19.9410","19.8705","20.0467","19.8260","82.38K","0.37%"
"05/26/2021","19.8670","19.9190","19.9280","19.8299","81.65K","-0.24%"
"05/25/2021","19.9140","19.8590","19.9335","19.8097","84.57K","0.32%"
"05/24/2021","19.8500","19.9685","19.9956","19.8455","78.08K","-0.41%"
"05/21/2021","19.9320","19.8664","20.0165","19.8619","87.16K","0.36%"
"05/20/2021","19.8611","19.9280","19.9625","19.8384","87.30K","-0.28%"
"05/19/2021","19.9170","19.8380","19.9776","19.7955","93.10K","0.43%"
"05/18/2021","19.8320","19.7840","19.8718","19.7183","78.53K","0.32%"
"05/17/2021","19.7690","19.8680","19.9480","19.7614","76.56K","-0.44%"
"05/14/2021","19.8570","19.9365","19.9734","19.7530","80.22K","-0.34%"
"05/13/2021","19.9250","20.1680","20.2145","19.9132","88.71K","-1.15%"
"05/12/2021","20.1560","19.9670","20.1856","19.9253","84.48K","1.04%"
"05/11/2021","19.9490","19.9330","20.0014","19.8253","83.51K","0.14%"
"05/10/2021","19.9220","19.9073","19.9583","19.8585","76.89K","0.11%"
"05/07/2021","19.9000","20.0815","20.1257","19.8535","111.72K","-0.79%"
"05/06/2021","20.0580","20.2600","20.3080","20.0655","143.35K","-0.92%"
"05/05/2021","20.2440","20.2030","20.2990","20.1480","128.20K","0.32%"
"05/04/2021","20.1800","20.1770","20.3365","20.1390","114.20K","0.09%"
"05/03/2021","20.1610","20.2415","20.3190","20.1395","83.57K","-0.32%"
"04/30/2021","20.2260","20.0520","20.2850","20.0125","121.88K","0.93%"
"04/29/2021","20.0400","19.9160","20.1705","19.8610","106.73K","0.70%"
"04/28/2021","19.9010","20.0575","20.0935","19.8531","119.20K","-0.69%"
"04/27/2021","20.0400","19.8585","20.0783","19.8510","110.67K","0.96%"
"04/26/2021","19.8500","19.8470","19.9046","19.7958","90.33K","0.18%"
"04/23/2021","19.8150","19.9310","19.9560","19.8055","114.09K","-0.50%"
"04/22/2021","19.9140","19.8835","19.9873","19.8584","121.55K","0.21%"
"04/21/2021","19.8730","19.9725","19.9960","19.8505","107.84K","-0.44%"
"04/20/2021","19.9600","19.8185","20.0005","19.7800","113.62K","0.74%"
"04/19/2021","19.8130","19.9140","19.9405","19.7922","86.84K","-0.51%"
"04/16/2021","19.9150","19.9400","19.9954","19.8890","82.16K","-0.10%"
"04/15/2021","19.9340","20.0730","20.0999","19.8996","81.12K","-0.63%"
"04/14/2021","20.0610","20.0849","20.1322","20.0103","82.44K","-0.12%"
"04/13/2021","20.0843","20.1405","20.2425","20.0417","83.17K","-0.22%"
"04/12/2021","20.1280","20.1642","20.2234","20.0697","79.93K","-0.09%"
"04/09/2021","20.1460","20.1025","20.2289","20.0684","82.93K","0.30%"
"04/08/2021","20.0860","20.1985","20.2307","20.0636","77.63K","-0.59%"
"04/07/2021","20.2054","20.1595","20.2565","20.1423","79.07K","0.20%"
"04/06/2021","20.1656","20.3120","20.3871","20.1395","75.69K","-0.66%"
"04/05/2021","20.3000","20.2890","20.3843","20.2285","64.67K","0.02%"
"04/02/2021","20.2950","20.2970","20.3515","20.2665","39.46K","0.10%"
"04/01/2021","20.2750","20.4390","20.4980","20.2686","69.05K","-0.72%"
"03/31/2021","20.4220","20.5875","20.6365","20.4032","78.61K","-0.72%"
"03/30/2021","20.5700","20.6087","20.7089","20.5424","78.77K","-0.18%"
"03/29/2021","20.6081","20.6375","20.7903","20.5604","81.34K","0.14%"
"03/26/2021","20.5800","20.6840","20.7362","20.5370","83.34K","-0.46%"
"03/25/2021","20.6750","20.9380","20.9466","20.5825","90.83K","-1.18%"
"03/24/2021","20.9210","20.8485","20.9743","20.6634","85.77K","0.43%"
"03/23/2021","20.8310","20.5725","20.8647","20.5307","86.13K","1.34%"
"03/22/2021","20.5550","20.7825","20.8433","20.5296","83.01K","0.30%"
"03/19/2021","20.4940","20.4855","20.5519","20.2860","86.30K","0.11%"
"03/18/2021","20.4710","20.4000","20.5969","20.2803","84.23K","0.41%"
"03/17/2021","20.3880","20.6220","20.8148","20.3111","84.42K","-1.13%"
"03/16/2021","20.6213","20.6485","20.7337","20.5222","77.59K","-0.05%"
"03/15/2021","20.6310","20.7205","20.8293","20.6266","72.14K","-0.45%"
"03/12/2021","20.7250","20.6080","20.9344","20.5896","81.01K","0.62%"
"03/11/2021","20.5980","20.8855","20.9268","20.5798","88.41K","-1.31%"
"03/10/2021","20.8720","21.1970","21.2835","20.8669","90.92K","-1.49%"
"03/09/2021","21.1880","21.5180","21.5723","21.1280","80.31K","-1.49%"
"03/08/2021","21.5090","21.2540","21.6381","21.2135","85.48K","0.98%"
"03/05/2021","21.3010","21.1265","21.4227","21.0875","100.68K","0.87%"
"03/04/2021","21.1180","20.9465","21.1728","20.7560","106.03K","0.87%"
"03/03/2021","20.9350","20.6115","20.9998","20.5493","98.40K","1.65%"
"03/02/2021","20.5960","20.6570","20.7944","20.5544","100.86K","-0.21%"
"03/01/2021","20.6400","20.8620","20.8753","20.5751","91.62K","-1.00%"
"02/26/2021","20.8480","20.8525","21.0510","20.7777","102.02K","0.06%"
"02/25/2021","20.8360","20.3765","21.0395","20.3695","90.87K","2.34%"
"02/24/2021","20.3590","20.5140","20.5583","20.3489","93.43K","-0.69%"
"02/23/2021","20.5000","20.7315","20.7668","20.4965","87.32K","-1.03%"
"02/22/2021","20.7140","20.4782","20.8347","20.4525","88.43K","1.41%"
"02/19/2021","20.4250","20.3100","20.5297","20.2516","90.42K","0.67%"
"02/18/2021","20.2890","20.2295","20.4851","20.1347","92.54K","0.41%"
"02/17/2021","20.2070","20.1475","20.3944","20.1360","125.94K","0.37%"
"02/16/2021","20.1330","19.9650","20.2528","19.9216","89.44K","0.92%"
"02/15/2021","19.9500","19.9440","19.9849","19.8850","83.44K","0.10%"
"02/12/2021","19.9300","19.9635","20.0975","19.8962","131.25K","-0.07%"
"02/11/2021","19.9430","20.0445","20.0650","19.8953","142.80K","-0.39%"
"02/10/2021","20.0210","20.0980","20.1577","19.9921","159.63K","-0.27%"
"02/09/2021","20.0750","20.1100","20.1605","20.0019","160.61K","-0.13%"
"02/08/2021","20.1010","20.1133","20.2531","20.0678","113.84K","0.12%"
"02/05/2021","20.0770","20.3950","20.4300","20.0718","140.18K","-1.44%"
"02/04/2021","20.3710","20.2075","20.5072","20.1702","137.55K","0.92%"
"02/03/2021","20.1850","20.1310","20.2554","20.0625","129.51K","0.35%"
"02/02/2021","20.1150","20.3810","20.3913","20.1106","102.33K","-1.23%"
"02/01/2021","20.3650","20.4750","20.5187","20.2633","87.82K","-1.07%"
"01/29/2021","20.5855","20.2500","20.6045","20.0826","110.53K","1.75%"
"01/28/2021","20.2316","20.2771","20.4650","20.1268","105.17K","-0.24%"
"01/27/2021","20.2800","19.9860","20.3342","19.9770","102.61K","1.59%"
"01/26/2021","19.9630","20.1157","20.2981","19.9337","88.22K","-0.70%"
"01/25/2021","20.1037","19.9650","20.2410","19.8508","95.39K","0.70%"
"01/22/2021","19.9630","19.7295","20.0075","19.7146","85.62K","1.26%"
"01/21/2021","19.7140","19.6015","19.8100","19.5436","85.94K","0.64%"
"01/20/2021","19.5880","19.6715","19.6775","19.5516","81.01K","-0.32%"
"01/19/2021","19.6500","19.6864","19.7347","19.5958","82.47K","-0.11%"
"01/18/2021","19.6708","19.8175","19.9705","19.6525","68.32K","-0.51%"
"01/15/2021","19.7720","19.7181","19.9031","19.6812","118.72K","0.33%"
"01/14/2021","19.7061","19.8533","19.8957","19.6348","108.36K","-0.67%"
"01/13/2021","19.8392","19.7935","19.9004","19.7306","128.66K","0.33%"
"01/12/2021","19.7730","20.0726","20.1235","19.7698","129.03K","-1.42%"
"01/11/2021","20.0585","20.0090","20.2686","19.9877","135.06K","0.26%"
"01/08/2021","20.0069","20.0134","20.1551","19.8642","135.65K","0.04%"
"01/07/2021","19.9994","19.6400","20.0974","19.6110","97.21K","1.86%"
"01/06/2021","19.6350","19.8990","19.9977","19.5986","127.93K","-1.22%"
"01/05/2021","19.8780","19.9755","20.1174","19.8022","156.20K","-0.38%"
"01/04/2021","19.9530","19.8948","19.9988","19.7086","124.43K","0.39%"
"01/01/2021","19.8750","19.8885","19.9053","19.8639","0.87K","0.02%"
"12/31/2020","19.8710","19.9080","19.9700","19.8314","104.29K","-0.10%"
"12/30/2020","19.8900","19.9065","20.0506","19.8039","105.17K","0.00%"
"12/29/2020","19.8900","20.0160","20.0750","19.8582","109.42K","-0.55%"
"12/28/2020","20.0010","19.9263","20.1283","19.8298","109.81K","0.73%"
"12/25/2020","19.8561","19.8860","19.9131","19.8525","0.67K","0.00%"
"12/24/2020","19.8570","20.0632","20.0797","19.8277","84.70K","-0.96%"
"12/23/2020","20.0491","20.1395","20.2133","20.0038","118.47K","-0.41%"
"12/22/2020","20.1311","19.9520","20.1925","19.9403","129.87K","0.95%"
"12/21/2020","19.9410","19.9600","20.6625","19.8873","100.36K","0.03%"
"12/18/2020","19.9355","19.8190","20.0471","19.7861","112.46K","0.71%"
"12/17/2020","19.7940","19.8485","19.8974","19.7257","151.53K","-0.15%"
"12/16/2020","19.8240","19.9055","20.0076","19.8075","140.50K","-0.32%"
"12/15/2020","19.8880","20.2425","20.2621","19.8878","97.85K","-1.74%"
"12/14/2020","20.2412","20.1165","20.2549","19.9904","84.93K","0.53%"
"12/11/2020","20.1351","20.0125","20.2008","19.9476","91.44K","0.70%"
"12/10/2020","19.9950","19.8640","20.0499","19.8174","82.17K","0.70%"
"12/09/2020","19.8560","19.7835","20.0089","19.6902","100.92K","0.46%"
"12/08/2020","19.7650","19.8825","19.9226","19.6903","99.40K","-0.46%"
"12/07/2020","19.8570","19.7725","19.9809","19.7619","87.70K","0.45%"
"12/04/2020","19.7682","19.8945","19.9300","19.7295","91.03K","-0.56%"
"12/03/2020","19.8790","19.9700","20.0404","19.8501","127.83K","-0.41%"
"12/02/2020","19.9600","20.0250","20.1535","19.9525","106.82K","-0.29%"
"12/01/2020","20.0190","20.1825","20.2115","19.9775","133.49K","-0.73%"
"11/30/2020","20.1660","20.0450","20.2233","20.0154","113.15K","0.70%"
"11/27/2020","20.0265","20.0380","20.1102","19.9580","76.85K","0.00%"
"11/26/2020","20.0270","19.9635","20.0779","19.9272","121.92K","0.44%"
"11/25/2020","19.9390","20.0200","20.1091","19.9424","207.95K","-0.30%"
"11/24/2020","19.9980","20.1520","20.1670","19.9813","120.36K","-0.81%"
"11/23/2020","20.1620","20.1140","20.2160","19.9424","108.38K","0.32%"
"11/20/2020","20.0975","20.1945","20.2965","20.0465","203.38K","-0.40%"
"11/19/2020","20.1790","20.3185","20.4402","20.1047","154.62K","-0.90%"
"11/18/2020","20.3620","20.2850","20.3765","20.1644","198.34K","0.27%"
"11/17/2020","20.3070","20.2625","20.4455","20.2328","134.66K","0.30%"
"11/16/2020","20.2460","20.3994","20.3994","20.1466","91.02K","-0.71%"
"11/13/2020","20.3917","20.6490","20.6969","20.3611","140.42K","-1.17%"
"11/12/2020","20.6330","20.4655","20.6891","20.4226","113.36K","0.83%"
"11/11/2020","20.4640","20.3305","20.6178","20.2385","135.52K","0.74%"
"11/10/2020","20.3130","20.3380","20.4935","20.2663","156.76K","-0.07%"
"11/09/2020","20.3280","20.5510","20.5615","20.0236","111.52K","-1.05%"
"11/06/2020","20.5440","20.7070","20.8755","20.5089","187.69K","-0.61%"
"11/05/2020","20.6700","20.9405","21.0535","20.6190","139.94K","-1.11%"
"11/04/2020","20.9010","21.1250","21.9950","20.8813","131.72K","-0.94%"
"11/03/2020","21.1000","21.3754","21.3920","21.0142","85.28K","-1.28%"
"11/02/2020","21.3743","21.2440","21.5002","21.2161","74.69K","0.96%"
"10/30/2020","21.1710","21.3876","21.5001","21.1690","141.32K","-1.01%"
"10/29/2020","21.3870","21.2900","21.4923","21.1333","85.29K","0.50%"
"10/28/2020","21.2800","21.0395","21.3782","21.0037","97.73K","1.19%"
"10/27/2020","21.0290","20.9325","21.0543","20.8244","113.50K","0.55%"
"10/26/2020","20.9150","20.8925","21.1360","20.8839","79.93K","0.23%"
"10/23/2020","20.8680","20.9600","21.0515","20.8366","150.88K","-0.38%"
"10/22/2020","20.9480","21.1090","21.2261","20.9403","75.52K","-0.71%"
"10/21/2020","21.0980","21.1215","21.1369","20.9860","75.75K","-0.11%"
"10/20/2020","21.1211","21.2005","21.2710","21.0324","80.68K","-0.32%"
"10/19/2020","21.1880","21.1175","21.2971","21.0448","67.97K","0.31%"
"10/16/2020","21.1230","21.2745","21.3890","21.0888","142.47K","-0.71%"
"10/15/2020","21.2749","21.3150","21.5500","21.2582","190.39K","-0.27%"
"10/14/2020","21.3330","21.3620","21.4710","21.2364","229.32K","-0.07%"
"10/13/2020","21.3470","21.2410","21.4895","21.1490","153.67K","0.57%"
"10/12/2020","21.2260","21.1650","21.3075","21.1268","95.54K","0.41%"
"10/09/2020","21.1396","21.3790","21.4095","21.1169","44.22K","-1.09%"
"10/08/2020","21.3720","21.4770","21.5064","21.3460","51.10K","-0.38%"
"10/07/2020","21.4540","21.7345","21.7393","21.3542","57.70K","-1.23%"
"10/06/2020","21.7210","21.4000","21.7645","21.2492","52.29K","1.58%"
"10/05/2020","21.3830","21.6085","21.6467","21.2988","47.97K","-1.05%"
"10/02/2020","21.6103","21.8320","22.0688","21.5654","51.02K","-0.97%"
"10/01/2020","21.8230","22.1065","22.1400","21.7843","42.52K","-1.25%"
"09/30/2020","22.0990","22.4360","22.5645","22.0250","104.24K","-1.62%"
"09/29/2020","22.4640","22.4175","22.5479","22.1762","81.77K","0.31%"
"09/28/2020","22.3950","22.3464","22.6589","22.1404","45.68K","0.25%"
"09/25/2020","22.3389","22.1700","22.5646","21.9801","56.15K","0.87%"
"09/24/2020","22.1470","22.3836","22.7016","21.9527","39.49K","-1.05%"
"09/23/2020","22.3812","21.7400","22.4436","21.6635","114.35K","3.03%"
"09/22/2020","21.7230","21.3625","21.7915","21.2890","124.32K","1.77%"
"09/21/2020","21.3460","21.0975","21.6030","21.0491","76.60K","1.04%"
"09/18/2020","21.1272","20.8660","21.1453","20.8382","44.75K","1.32%"
"09/17/2020","20.8510","20.9440","21.1512","20.8458","45.68K","-0.37%"
"09/16/2020","20.9290","21.1555","21.1719","20.9214","36.89K","-1.01%"
"09/15/2020","21.1430","21.0885","21.1721","20.9517","44.32K","0.33%"
"09/14/2020","21.0740","21.2930","21.2962","21.0387","39.82K","-0.90%"
"09/11/2020","21.2663","21.4330","21.4592","21.2367","44.33K","-0.79%"
"09/10/2020","21.4360","21.3650","21.5007","21.2045","41.71K","0.39%"
"09/09/2020","21.3520","21.7740","21.9431","21.3365","39.34K","-1.88%"
"09/08/2020","21.7600","21.6245","21.8797","21.5662","42.27K","0.65%"
"09/07/2020","21.6195","21.5326","21.6659","21.5301","33.17K","0.25%"
"09/04/2020","21.5660","21.6495","21.7475","21.4977","129.06K","-0.43%"
"09/03/2020","21.6600","21.7260","21.8315","21.5452","135.29K","-0.23%"
"09/02/2020","21.7100","21.7925","21.9100","21.7017","132.43K","-0.37%"
"09/01/2020","21.7900","21.8915","21.9605","21.6754","129.04K","-0.40%"
"08/31/2020","21.8785","21.7600","21.9850","21.7404","64.09K","0.58%"
"08/28/2020","21.7523","22.1495","22.1626","21.7413","44.54K","-1.72%"
"08/27/2020","22.1338","21.9420","22.2274","21.8211","47.91K","0.92%"
"08/26/2020","21.9310","21.8930","21.9871","21.8778","44.85K","0.21%"
"08/25/2020","21.8850","22.0000","22.0278","21.8748","47.47K","-0.43%"
"08/24/2020","21.9790","21.9741","22.0439","21.8790","48.05K","0.09%"
"08/21/2020","21.9598","22.0760","22.1896","21.9424","63.33K","-0.52%"
"08/20/2020","22.0740","22.1382","22.3304","22.0731","53.98K","-0.22%"
"08/19/2020","22.1231","22.1590","22.1926","21.9959","45.24K","-0.12%"
"08/18/2020","22.1496","22.1845","22.2199","22.0078","46.38K","-0.08%"
"08/17/2020","22.1670","21.9700","22.2186","21.9004","47.07K","0.88%"
"08/14/2020","21.9742","22.1890","22.2430","21.9324","48.13K","-0.71%"
"08/13/2020","22.1320","22.3535","22.4109","22.1357","46.52K","-0.94%"
"08/12/2020","22.3420","22.4000","22.5006","22.2596","47.81K","-0.20%"
"08/11/2020","22.3860","22.4715","22.5214","22.2583","39.97K","-0.27%"
"08/10/2020","22.4470","22.3855","22.5471","22.3470","38.33K","0.40%"
"08/07/2020","22.3576","22.3965","22.6147","22.3404","89.78K","-0.05%"
"08/06/2020","22.3680","22.3734","22.6143","22.2983","51.33K","0.05%"
"08/05/2020","22.3576","22.6690","22.6910","22.3290","68.47K","-1.28%"
"08/04/2020","22.6470","22.6390","22.9225","22.5287","77.26K","0.10%"
"08/03/2020","22.6246","22.2644","22.7017","22.2535","38.23K","1.59%"
"07/31/2020","22.2714","22.0265","22.3090","21.9696","66.06K","1.22%"
"07/30/2020","22.0040","21.9750","22.2484","21.9564","56.89K","0.20%"
"07/29/2020","21.9610","21.9430","22.0559","21.8384","70.41K","0.16%"
"07/28/2020","21.9250","21.9225","22.1094","21.8914","39.61K","0.05%"
"07/27/2020","21.9140","22.2945","22.3250","21.9181","37.96K","-1.55%"
"07/24/2020","22.2590","22.5120","22.6354","22.2320","65.02K","-1.02%"
"07/23/2020","22.4890","22.3700","22.5638","22.2472","62.21K","0.59%"
"07/22/2020","22.3580","22.3380","22.4348","22.1784","63.61K","0.11%"
"07/21/2020","22.3327","22.4940","22.5191","22.2602","58.87K","-0.65%"
"07/20/2020","22.4790","22.5570","22.7275","22.4497","48.83K","-0.27%"
"07/17/2020","22.5400","22.4238","22.6244","22.3764","54.14K","0.57%"
"07/16/2020","22.4119","22.3270","22.4746","22.2690","55.20K","0.40%"
"07/15/2020","22.3220","22.4545","22.4610","22.2495","49.12K","-0.54%"
"07/14/2020","22.4430","22.7620","22.7836","22.4189","53.70K","-1.40%"
"07/13/2020","22.7615","22.4570","22.7715","22.3683","50.55K","1.42%"
"07/10/2020","22.4435","22.6425","22.8545","22.4312","118.61K","-0.81%"
"07/09/2020","22.6260","22.6645","22.7820","22.5308","108.90K","-0.13%"
"07/08/2020","22.6550","22.8590","22.9175","22.6382","94.29K","-0.81%"
"07/07/2020","22.8410","22.3363","22.8915","22.2509","55.63K","2.31%"
"07/06/2020","22.3259","22.4145","22.4233","22.1509","49.74K","-0.29%"
"07/03/2020","22.3915","22.4770","22.6010","22.3729","43.79K","-0.33%"
"07/02/2020","22.4650","22.6745","22.7482","22.4014","41.82K","-0.89%"
"07/01/2020","22.6660","22.9987","23.0932","22.6162","42.93K","-1.40%"
"06/30/2020","22.9889","23.0714","23.2305","22.9314","47.60K","-0.31%"
"06/29/2020","23.0595","23.0684","23.2045","22.9244","44.33K","0.05%"
"06/26/2020","23.0485","22.6624","23.0774","22.6297","46.93K","1.78%"
"06/25/2020","22.6452","22.7851","22.9885","22.6270","47.54K","-0.58%"
"06/24/2020","22.7772","22.4139","22.8045","22.3039","46.89K","1.65%"
"06/23/2020","22.4082","22.4870","22.6815","22.2811","42.52K","-0.35%"
"06/22/2020","22.4860","22.6530","22.6765","22.3004","41.99K","-0.65%"
"06/19/2020","22.6328","22.7530","22.7728","22.4986","43.09K","-0.48%"
"06/18/2020","22.7418","22.3140","22.8301","22.1887","47.52K","1.98%"
"06/17/2020","22.3010","22.3230","22.4732","22.1525","47.69K","-0.04%"
"06/16/2020","22.3095","22.2239","22.3985","21.8919","55.91K","0.43%"
"06/15/2020","22.2139","22.3577","22.7599","22.1240","55.45K","-0.02%"
"06/12/2020","22.2189","22.7632","22.9476","22.1795","62.62K","-2.28%"
"06/11/2020","22.7368","21.8745","22.7922","21.8510","52.49K","4.03%"
"06/10/2020","21.8570","21.9172","22.0450","21.6785","47.21K","-0.20%"
"06/09/2020","21.9017","21.5045","21.9340","21.4601","41.86K","1.91%"
"06/08/2020","21.4920","21.5707","21.7262","21.4736","40.21K","-0.43%"
"06/05/2020","21.5844","21.9095","21.9550","21.4909","75.01K","-1.57%"
"06/04/2020","21.9280","21.7715","21.9964","21.7003","44.97K","0.78%"
"06/03/2020","21.7579","21.7900","21.8133","21.5019","47.23K","-0.11%"
"06/02/2020","21.7817","22.0330","22.1189","21.5758","39.72K","-1.10%"
"06/01/2020","22.0240","22.2801","22.2860","21.9294","35.00K","-0.65%"
"05/29/2020","22.1675","22.2184","22.3440","21.9972","38.35K","-0.23%"
"05/28/2020","22.2179","22.3040","22.4216","22.0953","40.26K","-0.31%"
"05/27/2020","22.2880","22.1995","22.4925","22.1405","25.14K","0.46%"
"05/26/2020","22.1860","22.5494","22.5917","22.1054","26.78K","-1.55%"
"05/25/2020","22.5342","22.7225","22.7717","22.5185","20.57K","-0.84%"
"05/22/2020","22.7250","22.8649","23.1650","22.7070","34.00K","-0.61%"
"05/21/2020","22.8644","23.1995","23.2803","22.7507","35.26K","-1.41%"
"05/20/2020","23.1910","23.6815","23.7544","23.0545","30.71K","-2.07%"
"05/19/2020","23.6810","23.7590","23.7992","23.4435","43.88K","-0.27%"
"05/18/2020","23.7460","24.0060","24.0074","23.4471","33.48K","-0.76%"
"05/15/2020","23.9282","23.8710","24.1252","23.7518","45.45K","0.29%"
"05/14/2020","23.8600","24.2059","24.3892","23.7395","48.32K","-1.41%"
"05/13/2020","24.2009","24.3580","24.3999","23.9974","49.30K","-0.63%"
"05/12/2020","24.3550","23.9275","24.4244","23.7511","47.70K","1.81%"
"05/11/2020","23.9210","23.6920","23.9825","23.5387","47.39K","1.27%"
"05/08/2020","23.6210","24.0610","24.1335","23.5535","81.40K","-1.71%"
"05/07/2020","24.0310","24.3850","24.5510","23.9187","87.90K","-1.32%"
"05/06/2020","24.3530","24.0030","24.4185","23.8638","83.29K","1.53%"
"05/05/2020","23.9860","24.0700","24.1805","23.7770","59.69K","-0.31%"
"05/04/2020","24.0600","24.7335","24.8871","24.0583","45.52K","-2.07%"
"05/01/2020","24.5681","24.1750","24.8860","24.1066","42.55K","1.73%"
"04/30/2020","24.1510","23.7415","24.1970","23.6325","43.35K","1.74%"
"04/29/2020","23.7380","24.2945","24.3347","23.7393","43.06K","-2.20%"
"04/28/2020","24.2710","24.6925","24.9072","24.2104","44.28K","-1.64%"
"04/27/2020","24.6759","25.0050","25.0352","24.6732","44.11K","-1.09%"
"04/24/2020","24.9490","24.8075","25.2975","24.5962","83.14K","0.58%"
"04/23/2020","24.8060","24.4920","24.8575","24.3101","85.88K","1.39%"
"04/22/2020","24.4670","24.3923","24.7020","24.2069","86.93K","0.30%"
"04/21/2020","24.3930","24.0490","24.5490","23.9657","82.06K","1.48%"
"04/20/2020","24.0380","23.8750","24.2440","23.8600","56.13K","1.55%"
"04/17/2020","23.6710","24.0255","24.1530","23.6075","45.26K","-1.37%"
"04/16/2020","24.0010","23.9986","24.4360","23.9657","43.83K","0.11%"
"04/15/2020","23.9740","23.3850","24.1959","23.3605","45.79K","2.58%"
"04/14/2020","23.3700","23.6631","23.7668","23.3792","42.82K","-0.92%"
"04/13/2020","23.5860","23.3250","23.8774","23.2525","42.30K","1.10%"
"04/10/2020","23.3300","23.5700","23.7903","23.3328","12.82K","-0.98%"
"04/09/2020","23.5600","24.0125","24.0954","23.3379","23.32K","-1.86%"
"04/08/2020","24.0075","24.3115","24.7889","23.9331","22.62K","-1.18%"
"04/07/2020","24.2950","24.6316","24.6866","23.8214","26.06K","-1.35%"
"04/06/2020","24.6266","25.0900","25.7573","24.5780","23.59K","-1.34%"
"04/03/2020","24.9610","24.2260","25.0550","24.2005","37.43K","3.06%"
"04/02/2020","24.2210","24.2385","24.5205","23.7825","31.76K","0.08%"
"04/01/2020","24.2010","23.7190","24.6266","23.6052","37.55K","2.05%"
"03/31/2020","23.7140","23.8040","24.1698","23.3270","38.14K","-0.31%"
"03/30/2020","23.7880","23.7050","24.5650","23.4770","31.29K","2.09%"
"03/27/2020","23.3010","22.9430","23.6304","22.8540","44.42K","1.62%"
"03/26/2020","22.9300","23.9480","24.2485","22.9368","30.34K","-4.18%"
"03/25/2020","23.9310","24.8435","24.9135","23.8535","25.66K","-3.61%"
"03/24/2020","24.8270","25.3606","25.4480","24.6173","22.83K","-2.02%"
"03/23/2020","25.3380","24.4250","25.3685","24.4150","16.13K","3.75%"
"03/20/2020","24.4215","24.0275","24.5688","23.4881","26.84K","1.66%"
"03/19/2020","24.0225","23.7282","24.6478","23.6024","37.27K","1.33%"
"03/18/2020","23.7064","22.9594","24.1000","22.8178","21.79K","3.36%"
"03/17/2020","22.9367","22.8850","23.2390","22.4700","27.17K","0.38%"
"03/16/2020","22.8500","21.6650","23.0770","21.5919","20.79K","4.33%"
"03/13/2020","21.9020","21.9210","22.1570","21.3460","61.46K","0.00%"
"03/12/2020","21.9010","21.3836","22.8705","21.3505","79.80K","2.43%"
"03/11/2020","21.3805","20.8290","21.5038","20.7672","56.19K","2.58%"
"03/10/2020","20.8435","20.7750","21.0995","20.3882","49.65K","0.29%"
"03/09/2020","20.7840","20.5340","21.8600","20.4800","27.73K","3.39%"
"03/06/2020","20.1024","19.8460","20.3870","19.8117","58.40K","1.30%"
"03/05/2020","19.8445","19.5415","19.9865","19.4986","82.02K","1.62%"
"03/04/2020","19.5289","19.4570","19.6350","19.1838","91.03K","0.42%"
"03/03/2020","19.4480","19.4050","19.5670","19.1551","89.29K","0.25%"
"03/02/2020","19.4000","19.8645","19.8808","19.3858","56.27K","-1.08%"
"02/28/2020","19.6110","19.5110","19.9025","19.4538","99.95K","0.53%"
"02/27/2020","19.5080","19.2845","19.5150","19.2624","93.70K","1.17%"
"02/26/2020","19.2820","19.0920","19.3045","19.0632","95.37K","1.06%"
"02/25/2020","19.0800","19.0700","19.2150","18.9412","60.56K","0.11%"
"02/24/2020","19.0599","18.9100","19.2660","18.9100","45.25K","0.87%"
"02/21/2020","18.8949","18.8327","19.0882","18.7974","46.11K","0.36%"
"02/20/2020","18.8270","18.5655","18.8650","18.5547","47.34K","1.45%"
"02/19/2020","18.5585","18.5922","18.6257","18.5515","43.11K","-0.15%"
"02/18/2020","18.5872","18.5555","18.6656","18.5511","44.25K","0.21%"
"02/17/2020","18.5480","18.5410","18.5884","18.5220","39.41K","0.08%"
"02/14/2020","18.5334","18.6000","18.6178","18.5347","43.96K","-0.30%"
"02/13/2020","18.5900","18.6210","18.6877","18.5793","46.75K","-0.12%"
"02/12/2020","18.6123","18.6559","18.6720","18.6043","44.90K","-0.23%"
"02/11/2020","18.6544","18.6977","18.7250","18.6404","45.49K","-0.23%"
"02/10/2020","18.6972","18.7900","18.8350","18.6935","46.62K","-0.34%"
"02/07/2020","18.7608","18.6603","18.8350","18.6274","46.29K","0.57%"
"02/06/2020","18.6542","18.6025","18.6989","18.5592","46.62K","0.34%"
"02/05/2020","18.5910","18.6670","18.7003","18.5728","46.48K","-0.36%"
"02/04/2020","18.6580","18.8160","18.8430","18.6567","39.67K","-0.80%"
"02/03/2020","18.8090","18.8550","18.8988","18.7160","40.82K","-0.14%"
"01/31/2020","18.8353","18.7801","18.9455","18.7440","48.52K","0.33%"
"01/30/2020","18.7726","18.6990","18.8722","18.6907","48.80K","0.43%"
"01/29/2020","18.6915","18.7231","18.7772","18.6660","44.57K","-0.13%"
"01/28/2020","18.7155","18.9127","18.9301","18.7046","43.43K","-1.00%"
"01/27/2020","18.9050","18.8345","18.9790","18.8289","46.15K","0.61%"
"01/24/2020","18.7900","18.7670","18.8730","18.7234","81.57K","0.18%"
"01/23/2020","18.7570","18.6930","18.8595","18.6813","62.44K","0.41%"
"01/22/2020","18.6807","18.7728","18.8055","18.6630","83.84K","-0.44%"
"01/21/2020","18.7625","18.6639","18.8045","18.6617","58.43K","0.56%"
"01/20/2020","18.6586","18.6615","18.6960","18.6444","34.52K","0.02%"
"01/17/2020","18.6549","18.7797","18.7904","18.6529","44.08K","-0.62%"
"01/16/2020","18.7722","18.7920","18.8157","18.7690","39.59K","-0.06%"
"01/15/2020","18.7831","18.7830","18.8285","18.7635","34.68K","0.04%"
"01/14/2020","18.7753","18.8006","18.8747","18.7750","36.40K","-0.09%"
"01/13/2020","18.7931","18.7905","18.8665","18.7530","38.41K","0.06%"
"01/10/2020","18.7810","18.8420","18.8725","18.7453","80.80K","-0.27%"
"01/09/2020","18.8320","18.8140","18.8885","18.7584","83.56K","0.13%"
"01/08/2020","18.8080","18.9055","19.0225","18.7638","84.24K","-0.48%"
"01/07/2020","18.8980","18.8405","18.9375","18.8004","82.61K","0.32%"
"01/06/2020","18.8370","18.9150","18.9515","18.7943","56.88K","-0.42%"
"01/03/2020","18.9170","18.8415","19.0365","18.8293","82.35K","0.45%"
"01/02/2020","18.8320","18.9325","18.9412","18.8288","54.00K","-0.49%"
"01/01/2020","18.9250","18.9325","18.9338","18.9312","0.83K","0.00%"
"12/31/2019","18.9250","18.9335","18.9595","18.8397","62.91K","0.01%"
"12/30/2019","18.9230","18.8375","18.9675","18.7995","46.95K","0.49%"
"12/27/2019","18.8316","18.9405","18.9578","18.8052","37.95K","-0.53%"
"12/26/2019","18.9310","18.9790","18.9805","18.9291","23.87K","-0.20%"
"12/25/2019","18.9690","18.9810","18.9835","18.9745","1.22K","-0.02%"
"12/24/2019","18.9730","18.9610","19.0010","18.9231","59.74K","0.11%"
"12/23/2019","18.9520","18.9350","18.9930","18.8934","49.18K","0.07%"
"12/20/2019","18.9390","18.9225","18.9725","18.8856","80.96K","0.14%"
"12/19/2019","18.9130","18.9660","19.0480","18.9125","75.88K","-0.25%"
"12/18/2019","18.9600","18.9350","19.0025","18.9058","78.68K","0.18%"
"12/17/2019","18.9260","18.9327","18.9674","18.9004","56.47K","0.00%"
"12/16/2019","18.9252","19.0373","19.0861","18.9250","37.80K","-0.44%"
"12/13/2019","19.0079","19.0600","19.0954","18.9792","43.91K","-0.22%"
"12/12/2019","19.0500","19.1195","19.1395","19.0375","40.38K","-0.34%"
"12/11/2019","19.1145","19.2585","19.2873","19.1059","42.10K","-0.72%"
"12/10/2019","19.2534","19.2360","19.2707","19.1966","40.60K","0.13%"
"12/09/2019","19.2285","19.2955","19.3099","19.2107","33.46K","-0.38%"
"12/06/2019","19.3010","19.3765","19.3965","19.2817","78.65K","-0.35%"
"12/05/2019","19.3690","19.4330","19.4775","19.3410","70.08K","-0.29%"
"12/04/2019","19.4255","19.5532","19.5895","19.4294","52.17K","-0.63%"
"12/03/2019","19.5480","19.5795","19.6305","19.5369","75.74K","-0.15%"
"12/02/2019","19.5770","19.5270","19.6175","19.5233","48.19K","0.08%"
"11/29/2019","19.5620","19.4710","19.5870","19.4268","52.98K","0.47%"
"11/28/2019","19.4704","19.5169","19.6619","19.4646","36.40K","-0.20%"
"11/27/2019","19.5094","19.5200","19.5956","19.4621","36.52K","-0.03%"
"11/26/2019","19.5152","19.4441","19.5957","19.4094","40.02K","0.40%"
"11/25/2019","19.4381","19.3730","19.4835","19.3140","36.14K","0.34%"
"11/22/2019","19.3721","19.3855","19.4370","19.3437","35.83K","-0.04%"
"11/21/2019","19.3808","19.4652","19.5016","19.3549","41.80K","-0.39%"
"11/20/2019","19.4570","19.3440","19.5550","19.3425","44.54K","0.63%"
"11/19/2019","19.3360","19.3183","19.4150","19.2417","40.34K","0.13%"
"11/18/2019","19.3116","19.1940","19.3267","19.1801","38.03K","0.71%"
"11/15/2019","19.1758","19.3198","19.3312","19.1760","41.24K","-0.71%"
"11/14/2019","19.3125","19.3574","19.4878","19.3094","42.37K","-0.19%"
"11/13/2019","19.3499","19.3143","19.5350","19.3018","37.31K","0.22%"
"11/12/2019","19.3068","19.1155","19.3750","19.1098","37.28K","1.05%"
"11/11/2019","19.1070","19.1030","19.1657","19.0828","34.34K","0.05%"
"11/08/2019","19.0971","19.1380","19.2092","19.0772","35.97K","-0.18%"
"11/07/2019","19.1320","19.1460","19.1905","19.0878","61.15K","-0.05%"
"11/06/2019","19.1410","19.2070","19.2630","19.1360","87.55K","-0.31%"
"11/05/2019","19.2000","19.1755","19.2520","19.0950","84.09K","0.14%"
"11/04/2019","19.1730","19.1134","19.2205","19.0460","52.82K","0.36%"
"11/01/2019","19.1042","19.2345","19.2454","19.0667","33.36K","-0.64%"
"10/31/2019","19.2280","19.0830","19.2488","19.0674","40.85K","0.77%"
"10/30/2019","19.0806","19.1165","19.2372","19.0767","55.11K","-0.18%"
"10/29/2019","19.1150","19.1220","19.1580","19.0721","70.18K","-0.02%"
"10/28/2019","19.1190","19.0565","19.1380","19.0144","49.26K","0.35%"
"10/25/2019","19.0530","19.1370","19.1410","19.0251","40.68K","-0.39%"
"10/24/2019","19.1270","19.1170","19.1656","19.0554","42.33K","0.10%"
"10/23/2019","19.1080","19.1474","19.1915","19.0985","45.73K","-0.18%"
"10/22/2019","19.1419","19.1220","19.1590","19.0728","43.14K","0.14%"
"10/21/2019","19.1147","19.1100","19.1750","19.1017","42.01K","0.07%"
"10/18/2019","19.1007","19.1970","19.2185","19.1024","42.79K","-0.48%"
"10/17/2019","19.1930","19.2020","19.2537","19.1275","42.94K","-0.04%"
"10/16/2019","19.2015","19.2405","19.2925","19.1631","39.83K","-0.20%"
"10/15/2019","19.2400","19.2710","19.2966","19.2197","36.94K","-0.14%"
"10/14/2019","19.2665","19.3265","19.3511","19.2491","35.78K","-0.26%"
"10/11/2019","19.3170","19.4465","19.4627","19.2644","47.58K","-0.64%"
"10/10/2019","19.4405","19.5700","19.6420","19.4345","46.17K","-0.62%"
"10/09/2019","19.5625","19.6265","19.6357","19.4925","43.70K","-0.32%"
"10/08/2019","19.6260","19.5740","19.6450","19.5089","48.23K","0.31%"
"10/07/2019","19.5660","19.5195","19.5973","19.5161","43.76K","0.29%"
"10/04/2019","19.5102","19.6538","19.6583","19.4921","40.26K","-0.69%"
"10/03/2019","19.6450","19.7937","19.8250","19.6450","44.78K","-0.75%"
"10/02/2019","19.7932","19.8225","19.8654","19.7439","46.46K","-0.11%"
"10/01/2019","19.8150","19.7325","19.8450","19.7204","44.52K","0.44%"
"09/30/2019","19.7275","19.6950","19.7650","19.6800","44.64K","0.21%"
"09/27/2019","19.6867","19.6727","19.7385","19.5938","46.59K","0.11%"
"09/26/2019","19.6650","19.5714","19.6808","19.5271","42.01K","0.52%"
"09/25/2019","19.5636","19.4451","19.6192","19.4396","43.71K","0.64%"
"09/24/2019","19.4393","19.4765","19.5072","19.4021","43.10K","-0.15%"
"09/23/2019","19.4680","19.4470","19.5150","19.3820","38.95K","0.11%"
"09/20/2019","19.4468","19.4557","19.4962","19.3969","42.76K","-0.02%"
"09/19/2019","19.4507","19.3975","19.4655","19.3194","43.67K","0.28%"
"09/18/2019","19.3970","19.3636","19.4450","19.3239","39.62K","0.18%"
"09/17/2019","19.3622","19.4405","19.5550","19.3449","38.77K","-0.40%"
"09/16/2019","19.4400","19.4225","19.4711","19.3974","38.05K","0.21%"
"09/13/2019","19.3983","19.4370","19.4625","19.3442","43.08K","-0.16%"
"09/12/2019","19.4295","19.5069","19.5443","19.3987","46.45K","-0.38%"
"09/11/2019","19.5030","19.4980","19.5776","19.4728","46.28K","0.07%"
"09/10/2019","19.4900","19.5743","19.6127","19.4711","45.99K","-0.36%"
"09/09/2019","19.5605","19.5584","19.6050","19.4726","43.51K","0.16%"
"09/06/2019","19.5293","19.7442","19.7557","19.5156","40.15K","-1.05%"
"09/05/2019","19.7367","19.7232","19.7647","19.6110","42.42K","0.12%"
"09/04/2019","19.7136","19.9732","19.9966","19.7074","41.55K","-1.30%"
"09/03/2019","19.9727","20.1478","20.1690","19.9673","44.21K","-0.83%"
"09/02/2019","20.1405","20.0630","20.1577","20.0360","35.99K","0.41%"
"08/30/2019","20.0575","20.1403","20.1987","20.0089","46.60K","-0.37%"
"08/29/2019","20.1320","20.1042","20.2610","20.0440","49.38K","0.18%"
"08/28/2019","20.0967","19.9870","20.1273","19.9468","48.18K","0.59%"
"08/27/2019","19.9780","19.9333","20.0872","19.8766","50.41K","0.23%"
"08/26/2019","19.9328","19.9187","20.1260","19.8092","44.19K","0.10%"
"08/23/2019","19.9129","19.8251","19.9414","19.7572","44.68K","0.48%"
"08/22/2019","19.8176","19.6885","19.8514","19.6604","45.76K","0.66%"
"08/21/2019","19.6875","19.7662","19.7756","19.6387","42.74K","-0.37%"
"08/20/2019","19.7612","19.8620","19.8922","19.7192","46.47K","-0.47%"
"08/19/2019","19.8542","19.6650","19.9050","19.6068","44.72K","1.04%"
"08/16/2019","19.6502","19.6100","19.6879","19.5194","44.18K","0.25%"
"08/15/2019","19.6020","19.6755","19.7650","19.5790","49.36K","-0.37%"
"08/14/2019","19.6747","19.3760","19.7560","19.3694","47.85K","1.57%"
"08/13/2019","19.3698","19.6087","19.6810","19.3512","47.63K","-1.20%"
"08/12/2019","19.6059","19.3990","19.7779","19.3977","46.41K","1.06%"
"08/09/2019","19.4010","19.4112","19.4970","19.3752","44.37K","-0.02%"
"08/08/2019","19.4040","19.6289","19.6590","19.4012","47.16K","-1.11%"
"08/07/2019","19.6215","19.5755","19.7450","19.5284","47.77K","0.24%"
"08/06/2019","19.5739","19.6139","19.7423","19.5301","51.66K","-0.18%"
"08/05/2019","19.6090","19.2987","19.6777","19.2981","46.75K","1.61%"
"08/02/2019","19.2990","19.2358","19.3755","19.1947","45.03K","0.35%"
"08/01/2019","19.2323","19.1340","19.2819","19.1133","50.16K","0.55%"
"07/31/2019","19.1265","19.0625","19.1901","18.9474","45.43K","0.33%"
"07/30/2019","19.0630","19.0639","19.0950","19.0140","43.25K","0.05%"
"07/29/2019","19.0536","19.0450","19.1306","19.0096","42.18K","0.10%"
"07/26/2019","19.0350","19.0200","19.1150","18.9859","47.55K","0.11%"
"07/25/2019","19.0150","19.0595","19.1350","18.9604","48.25K","-0.18%"
"07/24/2019","19.0500","19.1822","19.1936","19.0520","35.67K","-0.64%"
"07/23/2019","19.1724","19.0557","19.1960","19.0454","45.00K","0.64%"
"07/22/2019","19.0511","19.0350","19.0898","19.0021","43.96K","0.15%"
"07/19/2019","19.0229","18.9450","19.0550","18.9263","48.16K","0.41%"
"07/18/2019","18.9445","19.0635","19.1215","18.9399","46.33K","-0.62%"
"07/17/2019","19.0624","19.0940","19.1289","18.9920","43.90K","-0.12%"
"07/16/2019","19.0860","18.9780","19.1250","18.9506","46.80K","0.61%"
"07/15/2019","18.9706","19.0020","19.0074","18.9186","46.29K","-0.05%"
"07/12/2019","18.9794","19.0785","19.1284","18.9709","48.18K","-0.47%"
"07/11/2019","19.0696","19.1392","19.1752","19.0639","48.56K","-0.32%"
"07/10/2019","19.1300","19.1597","19.3153","19.1288","49.12K","-0.13%"
"07/09/2019","19.1545","18.9145","19.3465","18.8778","50.79K","1.27%"
"07/08/2019","18.9138","19.0250","19.0301","18.8613","44.94K","-0.50%"
"07/05/2019","19.0080","19.0050","19.0855","18.9589","40.66K","0.05%"
"07/04/2019","18.9980","19.0175","19.0271","18.9653","39.70K","-0.07%"
"07/03/2019","19.0105","19.0508","19.0910","19.0023","41.52K","-0.21%"
"07/02/2019","19.0508","19.1310","19.1324","19.0453","50.98K","-0.34%"
"07/01/2019","19.1153","19.1915","19.2103","19.0359","43.51K","-0.53%"
"06/28/2019","19.2162","19.1788","19.2450","19.1456","47.58K","0.20%"
"06/27/2019","19.1779","19.1275","19.1950","19.0889","46.02K","0.27%"
"06/26/2019","19.1268","19.2304","19.2651","19.1187","50.27K","-0.48%"
"06/25/2019","19.2195","19.2015","19.2765","19.1621","48.79K","0.14%"
"06/24/2019","19.1925","19.0950","19.2227","19.0751","42.57K","0.38%"
"06/21/2019","19.1191","19.0047","19.1667","18.9713","52.71K","0.65%"
"06/20/2019","18.9950","19.0180","19.0422","18.8909","50.52K","-0.12%"
"06/19/2019","19.0175","19.1235","19.2101","19.0141","52.70K","-0.53%"
"06/18/2019","19.1186","19.1776","19.1865","19.0478","52.93K","-0.31%"
"06/17/2019","19.1771","19.1525","19.2175","19.1245","48.60K","0.14%"
"06/14/2019","19.1500","19.1965","19.2319","19.1089","53.01K","-0.20%"
"06/13/2019","19.1880","19.1730","19.2162","19.1313","51.01K","0.11%"
"06/12/2019","19.1660","19.1318","19.2250","19.0994","48.93K","0.21%"
"06/11/2019","19.1250","19.2171","19.2425","19.0851","54.93K","-0.48%"
"06/10/2019","19.2166","19.3050","19.3296","19.1339","57.65K","-2.01%"
"06/07/2019","19.6105","19.6855","19.7918","19.5550","54.87K","-0.38%"
"06/06/2019","19.6844","19.5843","19.8428","19.5180","50.25K","0.56%"
"06/05/2019","19.5740","19.5648","19.6756","19.4664","54.86K","0.07%"
"06/04/2019","19.5598","19.7793","19.8397","19.5156","59.70K","-1.07%"
"06/03/2019","19.7705","19.6027","19.8818","19.6027","52.20K","0.81%"
"05/31/2019","19.6120","19.1425","19.8333","19.1409","60.42K","2.49%"
"05/30/2019","19.1350","19.1329","19.1704","19.0384","58.49K","0.04%"
"05/29/2019","19.1273","19.1931","19.2952","19.1275","56.73K","-0.34%"
"05/28/2019","19.1924","19.0618","19.2150","19.0382","56.27K","0.73%"
"05/27/2019","19.0531","19.0415","19.0759","19.0161","37.14K","0.06%"
"05/24/2019","19.0416","19.0427","19.0989","18.9968","50.66K","0.02%"
"05/23/2019","19.0370","18.9873","19.1060","18.9780","60.63K","0.26%"
"05/22/2019","18.9868","19.0104","19.0407","18.9319","57.22K","-0.09%"
"05/21/2019","19.0047","19.0685","19.1259","18.9991","56.34K","-0.29%"
"05/20/2019","19.0600","19.1725","19.1725","19.0588","59.33K","-0.54%"
"05/17/2019","19.1631","19.1283","19.2272","19.0914","57.14K","0.22%"
"05/16/2019","19.1209","19.0522","19.1373","18.9758","56.89K","0.39%"
"05/15/2019","19.0472","19.1510","19.2620","19.0093","59.68K","-0.54%"
"05/14/2019","19.1505","19.2245","19.2367","19.1027","57.13K","-0.38%"
"05/13/2019","19.2240","19.0975","19.2555","19.0975","53.13K","0.67%"
"05/10/2019","19.0954","19.2340","19.2854","19.0429","54.19K","-0.68%"
"05/09/2019","19.2264","19.0860","19.3250","19.0675","57.84K","0.76%"
"05/08/2019","19.0810","19.0325","19.1350","19.0065","54.07K","0.26%"
"05/07/2019","19.0320","18.9902","19.0950","18.9430","56.67K","0.27%"
"05/06/2019","18.9805","19.0010","19.1119","18.9340","44.59K","0.34%"
"05/03/2019","18.9155","19.1220","19.1784","18.9130","46.60K","-1.04%"
"05/02/2019","19.1145","18.9962","19.1455","18.9358","52.65K","0.64%"
"05/01/2019","18.9938","18.9477","19.0016","18.7886","44.94K","0.28%"
"04/30/2019","18.9402","19.0138","19.0850","18.9207","56.99K","-0.39%"
"04/29/2019","19.0135","18.9361","19.0450","18.8983","47.83K","0.43%"
"04/26/2019","18.9318","19.0225","19.1098","18.8962","57.53K","-0.44%"
"04/25/2019","19.0150","19.0696","19.1996","19.0103","56.19K","-0.28%"
"04/24/2019","19.0678","18.9043","19.0958","18.9010","59.66K","0.87%"
"04/23/2019","18.9042","18.8265","18.9950","18.8195","62.08K","0.42%"
"04/22/2019","18.8253","18.7748","18.8655","18.7533","43.39K","0.35%"
"04/19/2019","18.7596","18.8035","18.8346","18.7477","14.65K","-0.20%"
"04/18/2019","18.7975","18.8225","18.9118","18.7495","47.60K","-0.16%"
"04/17/2019","18.8273","18.8705","18.8932","18.7963","54.50K","-0.23%"
"04/16/2019","18.8710","18.8548","19.0050","18.8471","58.58K","0.11%"
"04/15/2019","18.8505","18.7632","18.9050","18.7481","54.37K","0.53%"
"04/12/2019","18.7508","18.8335","18.8714","18.7460","61.14K","-0.40%"
"04/11/2019","18.8260","18.8175","18.9245","18.8078","65.30K","0.09%"
"04/10/2019","18.8100","18.9312","18.9483","18.8075","63.90K","-0.64%"
"04/09/2019","18.9307","18.9675","18.9897","18.8913","62.05K","-0.15%"
"04/08/2019","18.9600","19.0740","19.1346","18.9095","56.08K","-0.59%"
"04/05/2019","19.0733","19.1462","19.1688","19.0470","52.29K","-0.38%"
"04/04/2019","19.1469","19.2184","19.2864","19.1319","54.24K","-0.33%"
"04/03/2019","19.2100","19.2280","19.2550","19.1067","59.38K","-0.09%"
"04/02/2019","19.2275","19.1455","19.2652","19.0720","69.09K","0.47%"
"04/01/2019","19.1380","19.3730","19.3869","19.1345","52.01K","-1.46%"
"03/29/2019","19.4215","19.3385","19.4850","19.2664","61.47K","0.45%"
"03/28/2019","19.3350","19.3625","19.4468","19.2997","69.05K","-0.10%"
"03/27/2019","19.3550","19.1060","19.3850","19.0994","67.85K","1.32%"
"03/26/2019","19.1030","19.0185","19.1350","18.9935","61.56K","0.48%"
"03/25/2019","19.0125","19.0990","19.1574","18.9860","54.38K","-0.38%"
"03/22/2019","19.0855","18.8577","19.1850","18.8377","81.03K","1.19%"
"03/21/2019","18.8616","18.8287","18.9350","18.7742","74.10K","0.18%"
"03/20/2019","18.8282","19.0143","19.0351","18.7464","74.49K","-0.98%"
"03/19/2019","19.0136","19.0562","19.0814","18.9830","55.14K","-0.19%"
"03/18/2019","19.0500","19.2025","19.2314","19.0392","41.23K","-0.78%"
"03/15/2019","19.1996","19.3185","19.3228","19.1810","62.36K","-0.61%"
"03/14/2019","19.3180","19.2833","19.3801","19.2760","66.51K","0.21%"
"03/13/2019","19.2783","19.3490","19.3750","19.2579","72.98K","-0.37%"
"03/12/2019","19.3492","19.4008","19.4240","19.2391","74.60K","-0.23%"
"03/11/2019","19.3945","19.4982","19.5239","19.3770","60.90K","-0.51%"
"03/08/2019","19.4933","19.5505","19.6160","19.4606","65.80K","-0.29%"
"03/07/2019","19.5501","19.3625","19.6262","19.3312","76.39K","0.98%"
"03/06/2019","19.3600","19.2475","19.4056","19.2419","74.36K","0.59%"
"03/05/2019","19.2470","19.2965","19.3267","19.2109","70.64K","-0.22%"
"03/04/2019","19.2900","19.2756","19.3862","19.2711","60.62K","0.17%"
"03/01/2019","19.2574","19.2825","19.3405","19.2446","68.98K","-0.10%"
"02/28/2019","19.2775","19.1720","19.3250","19.1535","74.27K","0.60%"
"02/27/2019","19.1622","19.1755","19.2662","19.1446","81.84K","-0.02%"
"02/26/2019","19.1660","19.1335","19.2250","19.1032","76.42K","0.21%"
"02/25/2019","19.1260","19.1500","19.2500","19.0235","62.29K","-0.05%"
"02/22/2019","19.1365","19.2895","19.3074","19.0979","79.25K","-0.77%"
"02/21/2019","19.2850","19.2190","19.3350","19.1693","90.17K","0.37%"
"02/20/2019","19.2140","19.1440","19.2371","19.1311","88.69K","0.39%"
"02/19/2019","19.1390","19.2455","19.3015","19.1213","73.07K","-0.52%"
"02/18/2019","19.2385","19.2567","19.2873","19.1995","53.94K","0.02%"
"02/15/2019","19.2352","19.2578","19.4250","19.2114","76.86K","-0.11%"
"02/14/2019","19.2560","19.4355","19.4761","19.2474","90.35K","-0.88%"
"02/13/2019","19.4270","19.2555","19.4550","19.2134","82.50K","0.92%"
"02/12/2019","19.2506","19.3065","19.3238","19.2060","84.52K","-0.25%"
"02/11/2019","19.2987","19.0614","19.3350","19.0609","73.82K","1.20%"
"02/08/2019","19.0703","19.0797","19.1381","19.0231","80.48K","-0.10%"
"02/07/2019","19.0900","19.1075","19.1896","19.0384","81.90K","-0.06%"
"02/06/2019","19.1020","19.0360","19.1734","19.0336","74.76K","0.38%"
"02/05/2019","19.0288","19.1109","19.1311","19.0187","65.87K","-0.40%"
"02/04/2019","19.1044","19.0975","19.1829","19.0154","53.28K","0.05%"
"02/01/2019","19.0940","19.1065","19.1896","19.0591","108.52K","-0.06%"
"01/31/2019","19.1058","19.1330","19.1671","18.9720","106.56K","-0.09%"
"01/30/2019","19.1230","18.9949","19.2155","18.9811","102.62K","0.72%"
"01/29/2019","18.9860","19.0427","19.0688","18.9617","94.58K","-0.27%"
"01/28/2019","19.0380","18.9883","19.0870","18.9676","65.36K","0.31%"
"01/25/2019","18.9797","19.0172","19.0352","18.8796","76.83K","-0.20%"
"01/24/2019","19.0180","19.0291","19.0921","18.9515","78.69K","-0.02%"
"01/23/2019","19.0224","19.1685","19.1740","19.0228","76.60K","-0.76%"
"01/22/2019","19.1682","19.1667","19.2452","19.1007","60.17K","0.05%"
"01/21/2019","19.1590","19.0770","19.2150","19.0662","46.44K","0.43%"
"01/18/2019","19.0775","19.0181","19.1550","18.9701","79.94K","0.35%"
"01/17/2019","19.0106","18.8923","19.1250","18.8754","91.44K","0.65%"
"01/16/2019","18.8870","18.9965","19.0553","18.8845","","-0.53%"
"01/15/2019","18.9885","18.9812","19.0950","18.9487","","0.07%"
"01/14/2019","18.9750","19.1411","19.2087","18.9576","","-0.82%"
"01/11/2019","19.1310","19.1285","19.1950","19.0570","15.69K","0.04%"
"01/10/2019","19.1231","19.2245","19.2727","19.1208","","-0.52%"
"01/09/2019","19.2240","19.3556","19.3815","19.1998","","-0.69%"
"01/08/2019","19.3580","19.3625","19.4396","19.2817","1.72K","0.02%"
"01/07/2019","19.3544","19.4191","19.4795","19.2902","1.95K","-0.34%"
"01/04/2019","19.4200","19.6295","19.6754","19.3701","0.00K","-1.03%"
"01/03/2019","19.6220","19.5707","19.6782","19.5495","1.80K","0.30%"
"01/02/2019","19.5625","19.6513","19.7241","19.5301","1.70K","-0.41%"
"01/01/2019","19.6430","19.6513","19.6538","19.6425","1.45K","0.01%"
"12/31/2018","19.6403","19.6590","19.7200","19.6175","","-0.05%"
"12/28/2018","19.6510","19.6758","19.7509","19.6048","","-0.09%"
"12/27/2018","19.6680","19.9067","19.9543","19.6210","","-1.17%"
"12/26/2018","19.9000","19.9192","19.9737","19.8382","","-0.06%"
"12/25/2018","19.9117","19.8750","19.9286","19.8717","","0.22%"
"12/24/2018","19.8675","19.9434","19.9705","19.8150","","-0.36%"
"12/21/2018","19.9400","19.8961","20.0350","19.8410","","0.33%"
"12/20/2018","19.8750","20.1160","20.1485","19.8062","","-1.16%"
"12/19/2018","20.1080","20.0800","20.1728","19.9505","","0.18%"
"12/18/2018","20.0720","20.0775","20.1950","20.0322","","0.01%"
"12/17/2018","20.0700","20.2377","20.2439","20.0600","","-0.81%"
"12/14/2018","20.2330","20.3155","20.5355","20.1941","","-0.40%"
"12/13/2018","20.3150","20.0795","20.3386","20.0609","","1.21%"
"12/12/2018","20.0720","20.2060","20.2257","19.9851","","-0.63%"
"12/11/2018","20.2000","20.3100","20.3513","20.1548","","-0.49%"
"12/10/2018","20.3000","20.2650","20.4014","20.1989","","0.21%"
"12/07/2018","20.2575","20.3520","20.4250","20.1677","","-0.44%"
"12/06/2018","20.3470","20.5020","20.6623","20.3081","","-0.72%"
"12/05/2018","20.4950","20.5135","20.6204","20.4128","","-0.06%"
"12/04/2018","20.5070","20.3625","20.5540","20.2319","","0.76%"
"12/03/2018","20.3530","20.4053","20.4095","20.0067","","-0.21%"
"11/30/2018","20.3960","20.2400","20.4566","20.2201","","0.82%"
"11/29/2018","20.2300","20.2965","20.3498","20.1537","","-0.30%"
"11/28/2018","20.2913","20.4783","20.5215","20.1998","","-0.87%"
"11/27/2018","20.4700","20.6172","20.6371","20.4023","","-0.71%"
"11/26/2018","20.6160","20.4100","20.6375","20.3386","","1.06%"
"11/23/2018","20.4000","20.3130","20.4465","20.2895","","0.46%"
"11/22/2018","20.3075","20.2460","20.3540","20.1953","","0.33%"
"11/21/2018","20.2410","20.3590","20.4100","20.1645","","-0.53%"
"11/20/2018","20.3490","20.3720","20.5402","20.2880","","-0.11%"
"11/19/2018","20.3710","20.1737","20.4255","20.1103","","1.14%"
"11/16/2018","20.1410","20.2320","20.3861","20.0683","","-0.41%"
"11/15/2018","20.2240","20.4100","20.4484","20.1921","","-0.89%"
"11/14/2018","20.4050","20.4955","20.5450","20.3083","","-0.40%"
"11/13/2018","20.4860","20.3630","20.5850","20.2656","","0.61%"
"11/12/2018","20.3610","20.1404","20.3790","20.0860","","1.11%"
"11/09/2018","20.1384","20.1965","20.4155","20.0518","","-0.28%"
"11/08/2018","20.1958","19.8715","20.2254","19.8155","","1.67%"
"11/07/2018","19.8640","19.7255","19.9060","19.5739","","0.71%"
"11/06/2018","19.7240","19.8880","19.9708","19.7160","","-0.80%"
"11/05/2018","19.8825","20.0335","20.1433","19.8657","","-0.71%"
"11/02/2018","20.0240","20.1565","20.2269","19.8953","","-0.62%"
"11/01/2018","20.1480","20.3398","20.3475","20.0325","","-0.89%"
"10/31/2018","20.3295","20.0490","20.4750","20.0133","","1.43%"
"10/30/2018","20.0419","20.0625","20.1476","19.9007","","-0.07%"
"10/29/2018","20.0550","19.3615","20.1160","19.3403","","3.62%"
"10/26/2018","19.3540","19.4905","19.6188","19.3282","","-0.69%"
"10/25/2018","19.4890","19.6090","19.6211","19.3915","","-0.57%"
"10/24/2018","19.6001","19.2975","19.6355","19.2554","","1.57%"
"10/23/2018","19.2970","19.4085","19.4711","19.2572","","-0.57%"
"10/22/2018","19.4080","19.2735","19.4118","19.2216","","0.78%"
"10/19/2018","19.2570","19.1545","19.3450","19.0793","","0.56%"
"10/18/2018","19.1490","18.8783","19.1903","18.8484","","1.48%"
"10/17/2018","18.8700","18.7520","18.8925","18.7455","","0.63%"
"10/16/2018","18.7515","18.8425","18.9076","18.7293","","-0.43%"
"10/15/2018","18.8330","18.8650","18.8996","18.7701","","-0.10%"
"10/12/2018","18.8515","18.9793","18.9900","18.8390","","-0.67%"
"10/11/2018","18.9790","19.1580","19.1896","18.9401","","-0.92%"
"10/10/2018","19.1556","19.0400","19.1786","18.9718","","0.62%"
"10/09/2018","19.0380","18.9425","19.0781","18.9142","","0.53%"
"10/08/2018","18.9380","18.8267","18.9606","18.7516","","0.64%"
"10/05/2018","18.8180","19.1000","19.1332","18.8000","","-1.46%"
"10/04/2018","19.0970","19.0420","19.2027","18.9562","","0.28%"
"10/03/2018","19.0440","18.7938","19.0502","18.7128","","1.33%"
"10/02/2018","18.7940","18.7180","18.8724","18.7024","","0.46%"
"10/01/2018","18.7076","18.7184","18.7437","18.4989","","-0.06%"
"09/28/2018","18.7184","18.7894","18.8832","18.6744","","-0.35%"
"09/27/2018","18.7843","18.8295","18.9550","18.7465","","-0.31%"
"09/26/2018","18.8430","19.0005","19.0660","18.8065","","-0.78%"
"09/25/2018","18.9920","18.9685","19.0423","18.9236","","0.12%"
"09/24/2018","18.9685","18.8167","18.9714","18.8025","","0.73%"
"09/21/2018","18.8315","18.8302","18.9424","18.7835","","0.02%"
"09/20/2018","18.8280","18.7830","18.8982","18.7100","","0.28%"
"09/19/2018","18.7760","18.8083","18.8247","18.6790","","-0.16%"
"09/18/2018","18.8068","18.8335","18.9223","18.7262","","-0.17%"
"09/17/2018","18.8380","18.8807","18.9178","18.8015","","-0.27%"
"09/14/2018","18.8882","18.8364","18.9270","18.7700","","0.29%"
"09/13/2018","18.8335","19.0178","19.0612","18.7890","","-0.97%"
"09/12/2018","19.0177","19.1867","19.2299","19.0138","","-0.88%"
"09/11/2018","19.1870","19.2715","19.3830","19.1497","","-0.44%"
"09/10/2018","19.2715","19.3257","19.3672","19.2417","","-0.27%"
"09/07/2018","19.3240","19.1852","19.3600","19.1250","","0.74%"
"09/06/2018","19.1830","19.3413","19.4485","19.1510","","-0.83%"
"09/05/2018","19.3427","19.4043","19.6909","19.3158","","-0.31%"
"09/04/2018","19.4035","19.1927","19.4844","19.1827","","1.10%"
"09/03/2018","19.1927","19.0730","19.2859","19.0730","","0.56%"
"08/31/2018","19.0850","19.1090","19.2880","19.0510","","-0.15%"
"08/30/2018","19.1135","18.9550","19.2050","18.9320","","0.83%"
"08/29/2018","18.9554","19.0825","19.1981","18.9435","","-0.66%"
"08/28/2018","19.0822","18.7703","19.1262","18.7123","","1.69%"
"08/27/2018","18.7655","18.8942","18.8954","18.6060","","-0.77%"
"08/24/2018","18.9115","19.0227","19.0685","18.7914","","-0.51%"
"08/23/2018","19.0090","18.7258","19.0154","18.7188","","1.50%"
"08/22/2018","18.7287","18.9532","18.9847","18.7165","","-1.20%"
"08/21/2018","18.9562","19.0042","19.0210","18.8040","","-0.26%"
"08/20/2018","19.0050","18.8775","19.0950","18.8547","","0.59%"
"08/17/2018","18.8935","18.9785","19.1597","18.8355","","-0.47%"
"08/16/2018","18.9820","19.1257","19.2045","18.9245","","-0.81%"
"08/15/2018","19.1373","18.8819","19.3027","18.8507","","1.35%"
"08/14/2018","18.8826","19.1250","19.1615","18.8517","","-1.24%"
"08/13/2018","19.1200","18.9138","19.3829","18.9138","","1.11%"
"08/10/2018","18.9100","18.6985","19.0800","18.6840","","1.16%"
"08/09/2018","18.6928","18.4773","18.7172","18.4453","","1.20%"
"08/08/2018","18.4711","18.4572","18.5750","18.4110","","0.08%"
"08/07/2018","18.4571","18.5162","18.5542","18.4013","","-0.33%"
"08/06/2018","18.5190","18.5577","18.6282","18.4650","","-0.19%"
"08/03/2018","18.5540","18.6480","18.7137","18.5380","","-0.52%"
"08/02/2018","18.6505","18.5905","18.7661","18.5790","","0.34%"
"08/01/2018","18.5880","18.6500","18.7164","18.5600","","-0.32%"
"07/31/2018","18.6480","18.5430","18.6763","18.5120","","0.59%"
"07/30/2018","18.5395","18.6300","18.6570","18.4935","","-0.48%"
"07/27/2018","18.6283","18.6310","18.6773","18.5325","","0.01%"
"07/26/2018","18.6259","18.6713","18.7492","18.5813","","-0.22%"
"07/25/2018","18.6676","18.8780","18.9042","18.6660","","-1.13%"
"07/24/2018","18.8805","18.8885","18.9662","18.8007","","-0.01%"
"07/23/2018","18.8820","19.0200","19.1710","18.8565","","-0.75%"
"07/20/2018","19.0240","19.0535","19.1550","18.9060","","-0.15%"
"07/19/2018","19.0535","18.8945","19.1725","18.8595","","0.83%"
"07/18/2018","18.8965","18.8893","19.0450","18.8060","","0.04%"
"07/17/2018","18.8893","18.8190","18.9578","18.8090","","0.37%"
"07/16/2018","18.8200","18.8980","18.9228","18.7831","","-0.38%"
"07/13/2018","18.8910","18.9845","19.1060","18.8560","","-0.47%"
"07/12/2018","18.9795","19.0815","19.1055","18.7545","","-0.54%"
"07/11/2018","19.0830","18.9313","19.0950","18.9010","","0.82%"
"07/10/2018","18.9271","19.2172","19.2870","18.8798","","-1.52%"
"07/09/2018","19.2200","19.0090","19.2422","18.9616","","1.01%"
"07/06/2018","19.0278","19.2222","19.2903","19.0033","","-0.97%"
"07/05/2018","19.2150","19.4470","19.4687","19.1778","","-1.21%"
"07/04/2018","19.4495","19.4560","19.5648","19.3715","","-0.04%"
"07/03/2018","19.4565","19.9555","20.0515","19.4435","","-2.49%"
"07/02/2018","19.9530","19.8025","20.2040","19.6290","","0.18%"
"06/29/2018","19.9175","19.7215","19.9832","19.5665","","1.01%"
"06/28/2018","19.7180","20.1784","20.2112","19.6935","","-2.29%"
"06/27/2018","20.1794","19.9490","20.2412","19.8880","","1.13%"
"06/26/2018","19.9533","19.8948","20.0024","19.7822","","0.29%"
"06/25/2018","19.8947","20.0096","20.1530","19.8855","","-0.60%"
"06/22/2018","20.0150","20.3388","20.3515","20.0096","","-1.53%"
"06/21/2018","20.3260","20.3550","20.5338","20.2015","","-0.17%"
"06/20/2018","20.3600","20.5320","20.5860","20.3320","","-0.81%"
"06/19/2018","20.5255","20.5065","20.7085","20.4795","","0.08%"
"06/18/2018","20.5090","20.6260","20.7892","20.5017","","-0.58%"
"06/15/2018","20.6295","20.8905","20.9650","20.6120","","-1.25%"
"06/14/2018","20.8905","20.6447","20.8976","20.5045","","1.20%"
"06/13/2018","20.6425","20.7146","20.8253","20.5705","","-0.36%"
"06/12/2018","20.7161","20.5935","20.7265","20.5125","","0.60%"
"06/11/2018","20.5930","20.3225","20.6040","20.2728","","1.50%"
"06/08/2018","20.2895","20.4755","20.6597","20.2467","","-0.92%"
"06/07/2018","20.4785","20.3012","20.6553","20.2850","","0.87%"
"06/06/2018","20.3012","20.4605","20.4911","20.2210","","-0.78%"
"06/05/2018","20.4605","20.0815","20.4809","20.0623","","1.91%"
"06/04/2018","20.0770","19.9288","20.0976","19.8583","","0.67%"
"06/01/2018","19.9427","19.9100","20.0029","19.8008","","0.15%"
"05/31/2018","19.9135","19.7300","20.0555","19.7175","","0.95%"
"05/30/2018","19.7270","19.8360","19.8585","19.6410","","-0.55%"
"05/29/2018","19.8360","19.5930","19.8854","19.5720","","1.23%"
"05/28/2018","19.5955","19.5537","19.6405","19.4543","","0.24%"
"05/25/2018","19.5477","19.5804","19.6804","19.4813","","-0.13%"
"05/24/2018","19.5730","19.6375","19.7927","19.5260","","-0.30%"
"05/23/2018","19.6325","19.7725","19.9925","19.5132","","-0.71%"
"05/22/2018","19.7735","19.8218","19.8480","19.7018","","-0.23%"
"05/21/2018","19.8190","19.9147","20.0376","19.8070","","-0.68%"
"05/18/2018","19.9540","19.7340","19.9912","19.6570","","1.10%"
"05/17/2018","19.7368","19.5730","19.7547","19.5030","","0.84%"
"05/16/2018","19.5723","19.6947","19.8052","19.5458","","-0.62%"
"05/15/2018","19.6950","19.6248","19.9337","19.5744","","0.36%"
"05/14/2018","19.6241","19.4198","19.6300","19.2950","","1.02%"
"05/11/2018","19.4250","19.2265","19.4535","19.1525","","1.04%"
"05/10/2018","19.2255","19.5680","19.6002","19.2005","","-1.77%"
"05/09/2018","19.5715","19.5795","19.7165","19.4995","","0.01%"
"05/08/2018","19.5695","19.4672","19.6555","19.4085","","0.53%"
"05/07/2018","19.4660","19.2575","19.5450","19.2167","","1.03%"
"05/04/2018","19.2683","19.0818","19.3023","19.0423","","1.08%"
"05/03/2018","19.0625","19.0875","19.2125","18.9495","","-0.14%"
"05/02/2018","19.0890","18.9528","19.2130","18.8570","","0.73%"
"05/01/2018","18.9505","18.7155","19.0006","18.6915","","1.27%"
"04/30/2018","18.7135","18.6086","18.8158","18.6086","","0.51%"
"04/27/2018","18.6180","18.8195","18.8732","18.6035","","-1.05%"
"04/26/2018","18.8150","18.8492","18.9344","18.7445","","-0.17%"
"04/25/2018","18.8475","18.8205","19.1446","18.7900","","0.15%"
"04/24/2018","18.8195","18.9415","18.9615","18.7575","","-0.66%"
"04/23/2018","18.9440","18.5255","18.9565","18.5200","","2.25%"
"04/20/2018","18.5280","18.4553","18.6955","18.4357","","0.46%"
"04/19/2018","18.4435","18.0895","18.4905","18.0551","","1.95%"
"04/18/2018","18.0900","18.0520","18.1213","17.9705","","0.23%"
"04/17/2018","18.0480","18.0070","18.0750","17.9385","","0.20%"
"04/16/2018","18.0120","18.0481","18.1028","17.9940","","-0.18%"
"04/13/2018","18.0452","18.1945","18.2080","18.0440","","-0.79%"
"04/12/2018","18.1890","18.2235","18.2690","18.0895","","-0.22%"
"04/11/2018","18.2294","18.2633","18.3357","18.1685","","-0.20%"
"04/10/2018","18.2665","18.3545","18.3640","18.2415","","-0.46%"
"04/09/2018","18.3514","18.2775","18.3955","18.2060","","0.34%"
"04/06/2018","18.2892","18.2152","18.3590","18.1880","","0.46%"
"04/05/2018","18.2057","18.1000","18.2318","18.0484","","0.58%"
"04/04/2018","18.1000","18.2195","18.3437","18.0617","","-0.65%"
"04/03/2018","18.2181","18.2430","18.2565","18.1525","","-0.16%"
"04/02/2018","18.2475","18.1847","18.3645","18.1688","","0.48%"
"03/30/2018","18.1600","18.1930","18.2000","18.1570","","-0.15%"
"03/29/2018","18.1870","18.3040","18.3367","18.1660","","-0.64%"
"03/28/2018","18.3040","18.3730","18.4464","18.1990","","-0.42%"
"03/27/2018","18.3810","18.3470","18.4402","18.3070","","0.24%"
"03/26/2018","18.3371","18.5205","18.5407","18.2617","","-0.98%"
"03/23/2018","18.5187","18.6352","18.6922","18.4870","","-0.62%"
"03/22/2018","18.6344","18.4390","18.6717","18.4205","","1.07%"
"03/21/2018","18.4365","18.7690","18.7718","18.4015","","-1.76%"
"03/20/2018","18.7673","18.7020","18.8107","18.6937","","0.32%"
"03/19/2018","18.7069","18.6968","18.8499","18.6857","","0.09%"
"03/16/2018","18.6898","18.6992","18.7730","18.6743","","-0.05%"
"03/15/2018","18.6999","18.5905","18.7599","18.5699","","0.62%"
"03/14/2018","18.5845","18.6105","18.6305","18.5185","","-0.12%"
"03/13/2018","18.6062","18.5828","18.6517","18.4980","","0.10%"
"03/12/2018","18.5877","18.6136","18.6850","18.5568","","-0.11%"
"03/09/2018","18.6080","18.6637","18.6814","18.5070","","-0.28%"
"03/08/2018","18.6605","18.7095","18.7779","18.6115","","-0.29%"
"03/07/2018","18.7140","18.7397","18.9039","18.6965","","-0.13%"
"03/06/2018","18.7387","18.7962","18.8002","18.6520","","-0.31%"
"03/05/2018","18.7962","18.8100","18.9634","18.7750","","-0.02%"
"03/02/2018","18.8000","18.8412","18.9850","18.7925","","-0.21%"
"03/01/2018","18.8403","18.8402","18.9527","18.7842","","0.00%"
"02/28/2018","18.8403","18.8498","18.8897","18.7727","","-0.02%"
"02/27/2018","18.8447","18.6697","18.8505","18.6309","","0.89%"
"02/26/2018","18.6785","18.5502","18.7222","18.5456","","0.77%"
"02/23/2018","18.5350","18.6120","18.6515","18.5218","","-0.41%"
"02/22/2018","18.6110","18.8300","18.8592","18.5990","","-1.20%"
"02/21/2018","18.8375","18.7054","18.8727","18.6095","","0.70%"
"02/20/2018","18.7072","18.5287","18.7417","18.5147","","0.93%"
"02/19/2018","18.5340","18.4840","18.5760","18.4583","","0.08%"
"02/16/2018","18.5190","18.5100","18.5600","18.4546","","0.10%"
"02/15/2018","18.5012","18.5858","18.5858","18.4282","","-0.46%"
"02/14/2018","18.5870","18.6593","18.7847","18.5320","","-0.41%"
"02/13/2018","18.6635","18.6132","18.6838","18.5685","","0.33%"
"02/12/2018","18.6030","18.7115","18.7308","18.5895","","-0.57%"
"02/09/2018","18.7100","18.9010","18.9700","18.6760","","-0.98%"
"02/08/2018","18.8960","18.7955","18.9746","18.6875","","0.52%"
"02/07/2018","18.7980","18.6000","18.8080","18.5888","","1.04%"
"02/06/2018","18.6040","18.7760","18.9362","18.5787","","-0.93%"
"02/05/2018","18.7790","18.6040","18.8590","18.5240","","0.97%"
"02/02/2018","18.5983","18.3538","18.6612","18.3227","","1.36%"
"02/01/2018","18.3490","18.5955","18.6715","18.3080","","-1.35%"